date,MKT,SMB,HML,RMW,CMA,LIQ
2021-06-30,0.0073988715605135,0.0007235101425754,-0.0089512939634617,-0.003175467113179,-0.003321031880668,0.001239993613320542
2021-07-01,-0.0036617144297287,-0.012442460076057,0.0073912065145325,0.0136733300398231,-0.0060232413778264,0.0015586364657939117
2021-07-02,-0.0186974581455855,0.0169806872782292,0.0088598321584505,-0.0127179480580409,0.0129891834082358,0.0013708553190916015
2021-07-05,0.0052332550738065,0.0104514579503214,-0.0063684695481652,-0.0123044035697067,-0.0007579952612196,0.0013017887641553203
2021-07-06,-0.0001719692938969,0.0003035975493947,0.0089794130441635,-0.0016749510138434,0.0056250733882007,0.0011455121524219665
2021-07-07,0.009996949261003,-0.0035017801938355,-0.0159143411930445,0.000584595841788,-0.0091455961901841,0.0012630178638813438
2021-07-08,-0.0070563296699388,0.0040639897126303,-0.008838672182015,-0.0058222614237167,-0.007192526788153,0.0014287054997939256
2021-07-09,0.0002124952160578,0.0051958782083598,0.0068728640965547,-0.0113654285072495,0.0043116886253936,0.0012228302002221649
2021-07-12,0.0117200409454529,0.0040299867649704,-0.0198352545884175,-0.0034826878218621,-0.0067034356113934,0.001378218480340489
2021-07-13,0.0047587639591224,0.0003893256200403,0.0049424497685145,-0.0020746603898659,0.0066587742619118,0.0012555456124039841
2021-07-14,-0.0103944158993367,0.0035661002877752,0.0024252809426952,0.0066220978393312,0.0011800179882835,0.0012533655043533065
2021-07-15,0.0081049066408751,-0.018155658630395,0.0023319396983268,0.0037441218267217,-0.0066589542670124,0.0012292014444350847
2021-07-16,-0.0074255721663233,0.0070075071957105,0.0101651464027067,-0.009931081322498,0.0092179491387341,0.0012684093248464467
2021-07-19,0.0001307395197263,0.0016047866552271,-0.0069197590515905,0.0024323052522386,-0.0025841372415579,0.0012975777951841421
2021-07-20,0.0001171257748737,0.0055286344548767,-0.0065287613930315,-0.0086122363523762,-7.556739965219883e-05,0.0010340052277743675
2021-07-21,0.0101816933881533,0.0050995757247965,-0.0162944536708383,-0.0075970581635773,-0.0068705945710948,0.0013882342903249213
2021-07-22,0.0044195226995906,0.002401525970572,0.0027248606356445,-0.0029805643576739,-0.0018888822398193,0.001376679867497191
2021-07-23,-0.0090554382014281,-0.0031596554798491,0.0082120329272896,-0.0104902214701194,0.0025198263372132,0.0015645975398080431
2021-07-26,-0.0231874942508568,0.010284799392355,0.002736761313839,-0.0099018475106796,0.0030004253581316,0.0017112667593810378
2021-07-27,-0.0283360282836603,0.0080134934428705,0.0061533710165713,-0.0015850519932592,0.0036044503648172,0.0019012516615500821
2021-07-28,-0.0054556649119706,-0.0208917684814895,-0.0013350265703118,0.0186191771708644,-0.0119210537467726,0.001959745494696407
2021-07-29,0.0203892336672852,0.0121522118504774,-0.0303802332661813,-0.010820472139459,-0.0105522881471986,0.0018228120353647045
2021-07-30,-0.0020471278162785,0.0136386816350112,-0.0019169030343806,-0.0076395146056205,0.0043189738756514,0.0016346593433643713
2021-08-02,0.0202767179695322,0.0007072918957362,-0.0119141205762569,0.0087542251976286,-0.00632315172736,0.001907851719666815
2021-08-03,-0.0048478726921916,0.001786612347455,0.0031050510621924,0.0146087555627401,-0.0003825774126359,0.0017839418909691256
2021-08-04,0.0117155387233225,0.0016963672751374,-0.0124250421885395,-0.0102355575762319,-0.0038724077255087,0.002528320773353037
2021-08-05,-0.0050571955533987,-0.0051189781109634,0.0045510895314249,-0.0022755572851103,-0.0008523945572208,0.0019285097394601601
2021-08-06,-0.001660314577451,0.0054418452002106,0.0045213965424237,-0.0069079005813184,0.0065259862981674,0.0012385324845682205
2021-08-09,0.0092158361257634,-0.000580959699105,0.005770110948547,0.0087822782389793,-0.0009221213119445,0.001364747021641807
2021-08-10,0.0088027188336212,0.0031944132211065,-0.0038839363208396,0.001152251421488,-0.0011604962496415,0.0011569602465701225
2021-08-11,0.0021748226632076,0.0066496857941729,0.0135883751677361,-0.0075510606683758,0.0061974673710966,0.0012051247499283916
2021-08-12,-0.0027884628466072,0.007384027767304,0.0018838354632096,-0.0091468070583717,0.0061733486743906,0.0011538181119916952
2021-08-13,-0.0029414729363854,0.0037993395219892,0.0059436459239639,-0.0003563871768292,0.0006139556088285,0.0011992028783626041
2021-08-16,-0.0024793498895577,-0.0015299501748643,0.010535332363295,0.0050727407270533,0.0031232169762547,0.0013889342139675857
2021-08-17,-0.0210876537412592,-0.0090536974220464,0.0166922662690617,0.0004917122088457,0.0035067978945478,0.0016264927113387626
2021-08-18,0.0107647923261602,-0.0022672717863093,0.0071900974565864,-0.0007460683088479,0.0036468072037441,0.001457736043884168
2021-08-19,-0.0030217405501216,-0.0004782608434976,-0.0108674211347302,-0.0072952138770122,-0.0024033397911947,0.00135949710643034
2021-08-20,-0.0106162890035261,0.0053322182833022,0.0118260891414761,-0.0104031432739736,0.004897679107256,0.0013273457147204228
2021-08-23,0.0169866281423856,0.0131489829247491,-0.0167572675945389,-0.0022071246557252,-0.0058926259701524,0.0016351368125374895
2021-08-24,0.0089280650086966,-0.0055894331861074,0.0008354979909172,0.0008017503667894,-0.0019389045738306,0.0012028756092815863
2021-08-25,0.0055164913088225,0.0015988355977738,0.0034475548913134,-0.0027945870917873,0.0053184822028906,0.001391734134280812
2021-08-26,-0.0125960659009827,0.0063090953680183,0.0167441778865481,-0.0095027881700798,0.0118868870483122,0.0015393794370998763
2021-08-27,0.0042374998601075,-0.0079302693928091,0.0042317374879317,-0.0013218931598612,-0.0018321067067853,0.0012758749101231825
2021-08-30,0.000579312027328,0.0011053207209057,-0.001164292932136,-0.0098931122709937,0.0066931516739556,0.0016183628409621462
2021-08-31,0.0021260351283287,-0.0069511728026917,0.0262716136431528,-0.0055674890143419,0.0123745204734498,0.0015496364367805597
2021-09-01,0.0034131381186255,-0.0131994764638957,0.0101236707472622,0.01500758679561,-0.001253900256989,0.0018024884513663361
2021-09-02,0.0063752327839092,0.0075392643785202,0.0158076375614399,-0.0079810025753073,0.0059907963381686,0.0015693917308973562
2021-09-03,-0.0042019033690282,0.0058897402049682,0.0034102101757373,0.0030206120445591,0.0043792198019758,0.001473371971372783
2021-09-06,0.0147741076231138,-0.0041703319292799,-0.0105493740795598,0.0044034602087617,-0.0069620107247291,0.00148925381133578
2021-09-07,0.0136214699927204,-0.0033396391613091,0.0097931766493652,-0.0064730137660029,0.0055107053907782,0.001405808996838411
2021-09-08,0.0009172370711971,0.0082735375885945,0.016412667625105,-0.0105580062271981,0.0153312951066759,0.0013614367280541612
2021-09-09,0.0038161645631702,-0.0063900558226381,0.0148658500748409,-0.0052776200430514,0.00816561083339,0.0013250786041997175
2021-09-10,0.0028377531813048,-0.0087890320668897,-0.0104152070514188,0.004980063079243,-0.0082291613686035,0.0013918100393339595
2021-09-13,0.0025790718756735,0.0057388942191612,0.0214881000434942,0.000824860454811,0.0124991927526012,0.0015491682241346833
2021-09-14,-0.0110806318201904,0.0046284900285781,-0.0190532618056844,-0.0005684889071395,-0.0061737268626883,0.001606504066622506
2021-09-15,-0.0019803777828397,0.0140605579820292,0.0100742563819714,-0.0102862304028238,0.0060179798649557,0.00138221808544066
2021-09-16,-0.0155663178123489,0.0020395169065092,0.0089630578501877,0.0100923504348722,0.0010406315815944,0.0016876572051859366
2021-09-17,0.0026487624057798,-0.005803164176975,-0.0068149746020219,0.011981808298665,-0.011104712627639,0.0015512344760904896
2021-09-22,0.0008909114230433,0.0039466986160913,0.020291813335537,-0.0058020077318214,0.0145869832123166,0.0015357587403505295
2021-09-23,0.004420229682496,-0.0014104716989573,0.0039367354315901,-0.0045381242923486,0.0021647034133678,0.0013793619764750984
2021-09-24,-0.0081457038695899,-0.0137262888627367,-0.0201053802153202,0.0074818021624487,-0.0119063373853927,0.0016269443882077504
2021-09-27,-0.0092178124295392,-0.0258947071258971,-0.0184326315537651,0.0231208638950985,-0.0111503095562655,0.0020930675308110987
2021-09-28,0.0034486960871351,0.0013394339665549,0.0198178299046221,0.0008022911516969,0.0096036830522427,0.001448750997619644
2021-09-29,-0.019464131389149,-0.0130052451856818,-0.0022510566659377,0.0097568577585597,-0.0100828972649267,0.0019518108947134546
2021-09-30,0.0123603790179969,0.0159880722449292,-0.0110669272581603,-0.0060151644552298,-0.0029622162825184,0.00142812166977473
2021-10-08,0.0081870066344669,0.0073705641270572,-0.0006271353018711,-0.0040031746676928,0.0049173595094554,0.0015909395245927596
2021-10-11,-0.0007002597209716,-0.0048883507814026,-0.0029132823635587,0.0031614849127084,0.0018280518435261,0.0013607361454695671
2021-10-12,-0.0138394803172463,-0.0039221790339762,-0.0014091968172605,0.0061105702906844,-0.0014418930035919,0.0015748836704079729
2021-10-13,0.0062572625977741,-0.0066096273735578,-0.0268746116805642,0.0028218469930497,-0.0153293929518732,0.0014442353005948145
2021-10-14,-6.922753817717453e-05,0.0102994612960628,-0.0049131156385888,-0.0058548275631645,-0.0011657712683915,0.001112503974580753
2021-10-15,0.0029562868331056,-0.0134801190457351,-0.0055521385828105,0.0003300114649102,-0.0013137189494366,0.001489525414239147
2021-10-18,-0.0003554925349461,0.0129368515249709,0.0152203631393507,-0.013636974852367,0.0096109457045914,0.0013894082315383585
2021-10-19,0.0080226836382575,-0.0013937769328476,-0.0070617357673027,0.0057403076675196,-0.0081597279780005,0.001014732879620111
2021-10-20,-0.0021376451692353,0.0021031603025399,-0.0062406877908681,-0.0067695029580654,-0.0034977824084564,0.0011896739564579222
2021-10-21,0.001878922443141,-0.0072193000766943,0.0094100358057539,0.0069902953472052,-0.0002919335500257,0.001106526745423182
2021-10-22,-0.0022268255907335,-0.0087984962065352,-0.0160634220044805,0.009860720142339,-0.0145308707944296,0.0014449018848874662
2021-10-25,0.0076549506002843,0.0022227902031338,-0.0059803876006551,-0.00379788423294,-0.0009491538926837,0.0012558187917137314
2021-10-26,-0.0036021042263937,-0.0011355819462591,-0.0027248101059524,-8.764530122357117e-05,-0.0016082132283565,0.001153159013902777
2021-10-27,-0.0100859744184463,-0.0049666226243322,0.0027571367150904,-8.874983886258958e-05,-0.0050478158597392,0.0015423249362543766
2021-10-28,-0.0129558711046754,-0.0070706969857354,-0.0062836637952111,0.0103735785681282,-0.0122491180142907,0.0017004719135911154
2021-10-29,0.0100924697373583,0.007813832710313,-0.0111124947470614,-0.0067548180263944,0.0006354649576474,0.0013969553938311947
2021-11-01,0.0016453692346138,0.0157061281035635,-0.0011253397023085,0.0010241609808812,-0.0019731838813124,0.0015314473921189816
2021-11-02,-0.0104338860705524,-0.0031498517879085,-0.0180641243516102,0.0019695701499905,-0.0085096750322676,0.0014621147797776709
2021-11-03,-0.0013361775907662,0.0068716581437412,0.0040269621384831,-0.0003248661874347,0.0044087421560353,0.0010392030935544624
2021-11-04,0.0091975013553331,0.0089152866277233,-0.0109992352257763,0.0008287390376063,-0.0043762638068022,0.001206336244220773
2021-11-05,-0.0087959305108311,0.0038849491656369,-0.0062083446488458,0.0023091984923649,-0.0040307806460907,0.0013799828521916361
2021-11-08,0.0031781916895654,0.0030176867415343,0.0031507107499195,-0.0116852435426019,0.0053656658475103,0.0012324557005998903
2021-11-09,0.0038897556465686,0.0084565352712661,-0.0064074123542479,-0.0049343739066891,-0.0029884167858875,0.0010344012239124091
2021-11-10,-0.0040896531350412,0.013604645492262,0.0003805473044711,-0.0008593748937011,0.0008278784649605,0.0010155711047783126
2021-11-11,0.0120543969027731,-0.0029434515815042,0.0027558806921036,0.0011982618801534,-0.0039489523498289,0.001153551944261899
2021-11-12,0.0015978779534815,0.0103288780946789,-0.0063360979416358,-0.0053006467859096,-0.0016116786349966,0.001107303427937188
2021-11-15,-0.002357918052799,0.0110272361332462,0.0052647112383137,0.0045409726454222,0.0038274781348013,0.0011430867560398897
2021-11-16,-0.0035792043158136,-0.0032812484811149,-0.0005947192941087,0.0096193774809973,-0.002610347556849,0.001260513911399643
2021-11-17,0.0062129811899691,0.0118952997015956,-0.0053011856335821,-0.0062523036834972,6.059553546000456e-05,0.001145764816602903
2021-11-18,-0.0055649006283128,-0.0018533638022358,0.0033525832141597,-0.0007524845215141,-0.0004549208374516,0.001190358613796267
2021-11-19,0.0110632641731862,0.0005859757595184,-0.000370730743916,-0.0004495062524124,-0.0014094110564201,0.0011081813388955906
2021-11-22,0.0086366310734933,0.0017855580900278,-0.0145886843563794,-0.0053589037580539,-0.0051139003850243,0.0011984707931457482
2021-11-23,6.417937703773191e-05,0.001752484422531,0.0050054479565319,-0.0031056848901886,0.0045976174502035,0.0009513578734241236
2021-11-24,0.000408634158153,0.0015447739521129,0.0027050852760134,0.0010049727326882,0.0048471435185235,0.0010208250861951
2021-11-25,-0.0030390246514602,0.0041592243917143,-0.0007673925199517,0.0055580699476274,-5.253440727082115e-05,0.0009777190318693645
2021-11-26,-0.0044368707318261,0.0053406174191419,-0.0017194277631911,-0.0025162676629266,-0.0031477380435588,0.0010801418242809527
2021-11-29,0.0007725267074047,0.0027036648688084,-0.0100802975933039,0.0009262857025531,-0.0062041862425292,0.0012342671160302382
2021-11-30,0.0005548997067537,0.0103941260263515,-0.0003416533110793,-0.0057109646540451,0.0007582835844011,0.0009673080578986624
2021-12-01,0.0035031066774269,0.0064210381223632,0.0128913320671497,-0.0027837818588816,0.0086024035375404,0.001117503994874176
2021-12-02,-0.0016920228726676,-0.0147280949611347,0.009473389193304,0.0032577481629041,0.0008396003393973,0.0010833785402670781
2021-12-03,0.008492188851749,-0.0045652648019206,0.0036693312429396,6.873868269896555e-05,0.0017135432868525,0.001059882710617812
2021-12-06,-0.0065246032264454,-0.0104860674339337,0.0075036962198048,0.0046430075992325,0.0016109189211456,0.001232777454950131
2021-12-07,-0.0013090717490243,-0.0131562578328675,0.0144109818590507,0.0066826359190573,0.004546936432958,0.001360800060934254
2021-12-08,0.013354557595979,0.0017619578613305,-0.0171073527289612,-0.0005196641355149,-0.0057963181721633,0.001149725418263152
2021-12-09,0.0094216325707314,-0.0082319298816741,-0.0046577304873892,0.0036656998463882,-0.0005491329746098,0.0011260686324900543
2021-12-10,-0.0019923856534809,0.007993545627049,-0.0041112303588253,-0.0003680031191333,-0.0022566201542835,0.000985595588201129
2021-12-13,0.004163045550426,0.002490797903184,-0.0032662619086266,0.0015568327896552,0.0008176115964744,0.0009820310900967846
2021-12-14,-0.0047065919623175,0.0140893386397395,-0.0065189418493863,-0.0019114438959209,-0.0001279179189509,0.0010702304651888728
2021-12-15,-0.004260547478283,0.0079695778397086,0.0153406572147776,-0.0032404323427255,0.0045140113653847,0.0010476401536672606
2021-12-16,0.007281033227884,0.0021011008682356,0.0079987476605314,-0.0018852889173717,0.0044146612104163,0.0008972982049878082
2021-12-17,-0.0118178291105598,0.0050240346580979,0.0142343927438921,-0.0045530426040387,0.0087447715009174,0.0011193041289661193
2021-12-20,-0.0131396230738313,0.0044477529914835,0.0114990459983508,0.0027100539509161,0.0027070776205641,0.0013771471629004137
2021-12-21,0.009920898780853,0.0075143667867022,0.0082363298774811,-0.0037131685284202,0.0047982824064832,0.001057526624928401
2021-12-22,0.0021781599908468,0.0019866188238511,-0.0113503132441644,-0.0007605941639201,-0.0051962671575727,0.0011593798885341958
2021-12-23,0.0047733824693894,-0.0101581484100916,0.0001947836180031,0.0074910740470008,-0.0033951107682604,0.0011286083108272655
2021-12-24,-0.0087219776191913,-0.0109188027922736,0.0013429254446339,0.010147715262389,-0.0003273228038715,0.001324662270124924
2021-12-27,0.0003159985023448,0.0055209142114883,0.0036213165283138,0.0019578063514203,0.0017305999131426,0.0010802365090222638
2021-12-28,0.005397176909494,0.0029473417076054,-0.012455956295919,-0.0015858109371338,-0.0032521038099099,0.0011527974714201203
2021-12-29,-0.0089209944903354,0.0084843715608304,0.0074233113708046,-0.0060537528165958,0.0035198064520218,0.0009415757686382126
2021-12-30,0.0070398459710392,0.0038923908905661,-0.0064617264270705,-0.002698741466961,-0.0017025310858763,0.0009819841467861112
2021-12-31,0.0049176203979892,-1.4535072671363556e-05,0.0030506921137137,-0.0019081903900715,0.0042086274685738,0.0010381443866705475
2022-01-04,-0.000739636579966,0.0144778688041183,0.0140970198431541,-0.0056871154085978,0.0125177461281542,0.001520820852413077
2022-01-05,-0.0117565908835183,-0.0056052681023493,0.0147014725197051,0.0039967086039807,0.0075531183080617,0.001497442629465524
2022-01-06,-0.0027399245708003,0.0143524124851766,0.0050255285016838,-0.0014672051364992,0.0010895509679463,0.0009526105656320187
2022-01-07,-0.0035760060413331,-0.0205962043150695,0.0169476731622267,0.009166422191666,0.0040125543870287,0.0012286197487423557
2022-01-10,0.004514721408396,0.0043662832343059,-0.0011243730384146,0.0019762082262665,-0.0014240923239894,0.0009818503084096316
2022-01-11,-0.0081210001141688,0.0032903825620398,0.0129408236469881,-0.000820063459561,0.004493777662494,0.0010603679205713108
2022-01-12,0.0099303761443239,0.0077459555591367,-0.0148894481582293,-0.0042915887494784,-0.0042457898679205,0.001152405987951052
2022-01-13,-0.012607301982805,0.0042124429737063,0.0133070694156081,-0.0041296025524283,0.0099288461774901,0.0011926349873723652
2022-01-14,-0.0069144687250527,0.0055628267409197,-0.0216502520161253,-1.3396424873579615e-05,-0.0087786631862407,0.0014274205553672552
2022-01-17,0.0092612968049909,0.0131329398534277,-0.0133604679139917,-0.0066796786614349,-0.0012322097398818,0.001258706164338693
2022-01-18,0.0048464463588233,-0.0241210798021764,0.0111697571843871,0.005912469193759,0.0008437813642293,0.0010867289824324942
2022-01-19,-0.0053286946137786,0.008040657427978,0.0124611851143219,0.0003312007965106,0.0063359703575825,0.0011782455498785527
2022-01-20,-0.0017166947320867,-0.0286717778492868,0.0069738913939121,0.0092729610812528,-0.0026671922489204,0.0013040544364278895
2022-01-21,-0.0105144697047201,-0.0004677783119,0.0038689690784153,0.0001036502900195,0.0007765369720287,0.0013158139115086857
2022-01-24,0.0009146644340742,-0.0038967557587424,-0.0067403915522775,0.0010581994921964,-0.0021627274231563,0.0010981786127007766
2022-01-25,-0.0280628241920233,-0.0182090791148844,8.861981881053138e-05,0.0080903539397428,-0.006330985816291,0.002234785201849128
2022-01-26,0.0068375265660693,0.0009985973706301,0.005381964939142,0.0020995217357827,-0.0009988968514694,0.0009869696801398716
2022-01-27,-0.0209822677068217,-0.0147121344535657,0.0147486221883952,0.0083211222656173,-0.0015649365170198,0.0017581381683927214
2022-01-28,-0.006832692630372,0.0245030544325678,-0.0007322743408765,-0.0093312096206796,0.0047329582980253,0.0010997105497959618
2022-02-07,0.0172983098118515,-0.00629506137284,0.0183308209923328,0.0023855621243734,0.0097661411567371,0.0014808755300138507
2022-02-08,0.0043492730299414,0.0116788003127161,0.0275222490248007,-0.0073585763594852,0.0181640197481627,0.0014465491824044063
2022-02-09,0.0106286144659901,0.0076621331612852,-0.0103835927007833,-0.0057141840338174,0.0006191300031426,0.0010944836626897148
2022-02-10,-0.0003622369308012,-0.0057928868313705,0.0179007801656677,-0.0025968295150953,0.0095011714866516,0.0010375857317903177
2022-02-11,-0.0089117292289455,-0.0148169954923704,0.0151979061951969,0.0030484168000544,0.0076087217375892,0.0013882075652618207
2022-02-14,-0.0085742214718935,0.0126625275255023,-0.0107068375085086,-0.0075953506196697,0.003586933522328,0.0010632820434670202
2022-02-15,0.0068189147251953,-0.0018557602813834,-0.0216762198548972,0.0040619059996224,-0.0166305280902464,0.0012959835875354295
2022-02-16,0.0054378999997011,0.010132970806077,0.0059154983535096,-0.0001705666619115,-0.0005739493297606,0.0008002760869537446
2022-02-17,0.0010178149808599,-0.0048357464332163,-0.0066001150054589,0.0014104897281531,-0.0041502426001214,0.0009390239528930801
2022-02-18,0.0062758883773588,0.0018258449949133,0.0092447613408238,0.0007122579646079,0.0018788158494807,0.0009473467825497711
2022-02-21,0.0018965143568434,0.0181355318293914,-0.0016410820658043,-0.0074656257063772,0.004406770855467,0.0009712429423991046
2022-02-22,-0.0107265883074401,0.0002850136394338,0.0025229275548067,-0.0052607650585922,0.0063768189237375,0.0011604629579888307
2022-02-23,0.0107599632130364,0.006934677821157,-0.0232574824276257,-0.0046255918394972,-0.0106657086007847,0.0014738337582795987
2022-02-24,-0.0193664807863717,-0.0083202586172017,0.0023591550157828,-0.0010916341304195,0.005186787643512,0.0016255510286476368
2022-02-25,0.007273706721637,0.0040874522421464,-0.008007091684317,0.0031167002225694,-0.0072717020870458,0.0010483493559217596
2022-02-28,0.0030359162379118,-0.0021830741414566,-0.0013351425848792,-0.0005303053845787,0.0021291396436444,0.0008940735133781837
2022-03-01,0.0065877895416517,0.0039223042108944,0.0029019570528836,-5.3309464326800615e-05,0.001410921508539,0.0008178971802421579
2022-03-02,-0.0032253554202195,0.0093677444099339,0.0113242576888732,-0.0054991553251081,0.0100311786586598,0.0008006825663945772
2022-03-03,-0.0027801063138779,-0.0009997385094921,0.0245656867258501,-0.003106822397179,0.014126076739507,0.0012518961057905328
2022-03-04,-0.0113167397879834,-0.0031855771013907,0.0009139849010521,0.0043112871648632,0.0004627647227802,0.0010359684318221845
2022-03-07,-0.0238684428264105,0.0119516835714362,0.0188568276688677,-0.001060466865032,0.0107733944955729,0.0018360784064679568
2022-03-08,-0.0250179453270239,-0.0058431707922237,-0.0017065537485197,0.0047434298122545,-0.0060304516489182,0.00216949456262427
2022-03-09,-0.011398634897883,0.0029585620623645,-0.0004040313943728,-0.0006177776774042,-0.0017628385894142,0.0016191608111751998
2022-03-10,0.0151842438518661,0.0050439985248113,-0.0068164684412308,0.0033960661940999,-0.0072899811013759,0.0013942658691999442
2022-03-11,0.005002809628626,0.0003111113553622,-0.0017868462048701,-0.0035174481057217,0.0010834880671012,0.0011453009862145928
2022-03-14,-0.0268962149185544,-0.002022537218286,0.006322283127775,-0.0017254128935349,0.0030518646692259,0.001829424779950037
2022-03-15,-0.048039854366648,0.0006511873062129,-0.0078597091443921,-0.0014573806549246,-0.0086739682769653,0.003257668049143771
2022-03-16,0.0357654948630457,-0.002887680700462,-0.0090306553392616,-0.009008895896588,-0.0008733885768609,0.002144536150520802
2022-03-17,0.0169803858054446,0.0021784029890053,-0.0134100807409192,0.0045714656620773,-0.0085244335494686,0.0014504859184328468
2022-03-18,0.0097118461123828,0.0023153658327928,0.0206109315511525,-0.002749688121871,0.0073506604486908,0.0010749523281583812
2022-03-21,0.0024711887893067,0.0154153835886035,-0.0030883994284249,-0.0038482397364439,0.000142484105872,0.0010429024487386817
2022-03-22,0.0011643678415913,-0.0036024065469943,0.0205447539293968,-0.0011012729354435,0.0082207053267202,0.0009976150525796844
2022-03-23,0.0036735218654047,-0.0001194089781568,-0.0060266882281299,0.005318886432823,-0.0053367473838222,0.0008871632437180063
2022-03-24,-0.0064104061585468,-0.007416346816013,0.0062256817924556,0.0039004197441742,0.0018769489748092,0.0011646043685547113
2022-03-25,-0.012066320984809,0.00986342663094,0.0155035709399243,-0.0031448761326048,0.0075969229325247,0.0011241463261302386
2022-03-28,-0.0014303185220921,-0.0036133500092233,0.0194712074617656,0.0009320915426351,0.0089821890772028,0.0010369228544072388
2022-03-29,-0.0033178778473041,-0.0064154465084867,0.0057220291678373,0.0037647946747272,0.003132608334845,0.0011100515939085186
2022-03-30,0.0212701591741248,-0.0049097621798147,-0.0109864396578639,0.0024605201546831,-0.0152264107631339,0.001625851898224838
2022-03-31,-0.0049370341467326,0.0066433584081945,0.0174576217941435,0.006462130795093,0.0055647140894366,0.0011709635347042396
2022-04-01,0.0082515174017938,-0.0136078483928908,0.0036040569968447,-0.0001123875365344,0.0005844472894254,0.0009123491865671464
2022-04-06,0.0011003840431254,0.0111273698412438,0.0186860335233207,-0.0027068222869053,0.0114921574046631,0.0014010440001686283
2022-04-07,-0.0158878323604052,-0.0128676396884181,0.0011225261543307,0.0051339202220812,0.0011498213383744,0.0015335718549718054
2022-04-08,0.0027040605303001,-0.0098058753537136,0.016988267879044,0.0077725983494041,-0.002129882109645,0.001197347785228817
2022-04-11,-0.0277417280783135,0.0009419083412041,0.0176023320356478,0.0084369689976859,0.0045871371804158,0.002407079133330563
2022-04-12,0.0158310987822576,0.0006489333399018,-0.011458201409091,-0.0112968772960153,0.0040897659188807,0.0014132287809843493
2022-04-13,-0.0108264325001029,-0.0137907163177949,0.007295738602605,0.0045845919984769,0.0041844213711508,0.0015286320866230545
2022-04-14,0.0117876219979633,-0.0033283012934148,5.933946162317572e-05,0.0014698345592247,-0.0018349445904188,0.0011512291028495482
2022-04-15,-0.0061071496647291,-0.0169600046286909,0.0008320774126031,0.0058174029422171,-0.0025739534597336,0.0013097827095162702
2022-04-18,-0.0036354771333175,0.0115929623146057,-0.0194363849920554,-0.0042610875846941,-0.0065172833263285,0.0014159268620253125
2022-04-19,-0.0003173899659595,0.0088565146319929,0.0133048120503695,-0.0036350663468843,0.0106174507004115,0.0010214688733810502
2022-04-20,-0.0152943942100746,0.0045591690659569,-0.0061787502732216,-0.0019050045167677,0.0027623737606042,0.001341836322292265
2022-04-21,-0.0240327989980095,-0.0191223817274726,0.0024727965773861,0.0121580223379145,-0.0047261833878569,0.002182792031238322
2022-04-22,0.0014348856941932,-0.0165955946424711,0.0156159721455366,0.0095895252044582,0.0037544125436631,0.0013284222493301805
2022-04-25,-0.0543639734151314,-0.0245776020128405,0.0151115645096836,0.0189302479543613,-0.0059755341737426,0.0041228609394412565
2022-04-26,-0.015375283671801,-0.017833919048193,0.0065045055048708,0.0187623694264074,-0.0081961583503324,0.0023191049889092707
2022-04-27,0.0281486407520621,0.0041682949520655,-0.0249827403388754,-0.0090862996523022,-0.0108058512518722,0.00291253170161099
2022-04-28,0.0028960614991389,-0.0216317030859935,0.0108078777556323,0.0088078894679875,0.0014606806886172,0.0014898493187169
2022-04-29,0.0279607924554496,0.0160997524956985,-0.0175872804667794,-0.0110869289229776,0.0007869523683808,0.0027235895543085424
2022-05-05,0.0057530942203984,0.0144993453310803,-0.0023127812233699,-0.0010794297564272,0.0010611133844486,0.0014333629366302108
2022-05-06,-0.0201043812240248,0.0109704838631623,-0.0078649172772429,-0.0035456876108697,0.0001834711103415,0.001496659158467237
2022-05-09,0.0013619763636152,0.0202756354535788,0.007454229984493,-0.0074042356199838,0.0083753999937069,0.0011191559955099066
2022-05-10,0.0118182117927847,0.0077718249826612,-0.0073254286041214,-0.0004289660843115,-0.0090572328547555,0.0013532799926774326
2022-05-11,0.0095636075978116,-0.0097565476949129,-0.0178090496953966,0.0026838437005647,-0.0123652805965928,0.0012324920383494677
2022-05-12,-0.0001419144918153,0.0112569744318458,-0.0029026074395915,-0.0069344787844689,0.0020860843726601,0.0007792130797150094
2022-05-13,0.008064286895407,-0.0020729711304451,0.0059660632518614,-0.0018895042241637,0.0029929555598391,0.0008366655050973946
2022-05-16,-0.0031797816653366,0.0070582136852046,0.0063253219558084,-0.0024104704494878,0.0081933160438945,0.0009241215874457796
2022-05-17,0.006876938641894,-0.0115637956212228,-0.0159654141383359,0.0023191872287986,-0.0085585463249235,0.0009604412618513493
2022-05-18,-0.0015178342946647,0.0135822312387199,-0.0037225350847742,-0.0047240732502996,0.0011227336580054,0.0008591698384897529
2022-05-19,0.0039660101990963,0.0032731942668847,-0.0022961245211585,-0.002626928316087,-0.0015820275162147,0.0008821754683229734
2022-05-20,0.0158621847378472,-0.0064845848112447,-0.0063537160586878,0.0062067747700951,-0.0027111309562585,0.0013454113981616386
2022-05-23,0.0019625665114371,0.0138535400658078,-0.0054273402708006,-0.0068502512016245,0.0036380531537894,0.0009747309113684539
2022-05-24,-0.0278689540936086,-0.016845596217562,0.010415314357384,0.008101008075053,0.002637196357323,0.002455014688598744
2022-05-25,0.0114934301668454,0.0097832690146843,0.0065550682324775,-0.0135572166810921,0.0091617643948344,0.001298491066771819
2022-05-26,0.0054515249515334,-0.0012859369688444,0.0055127286794717,7.608167504224994e-05,0.0043054437089405,0.001057065335425514
2022-05-27,0.0016183819413222,0.0006587625105098,0.005362797546656,0.0004096737485924,0.0034803861341828,0.0007328419068030157
2022-05-30,0.0076925153202429,0.0021177404994371,-0.0117618433102688,-0.0021225066144525,-0.004068097331396,0.001199491547415854
2022-05-31,0.012885992527976,-0.0023053738436806,-0.0147636659053222,0.0026487371034219,-0.0053105433943358,0.001206296130176429
2022-06-01,0.000454271446838,0.0099292104214901,-0.0038446414295873,-0.0024095569457467,-0.0019763513654241,0.0010918649482510483
2022-06-02,0.0049019110168766,0.0057298951119399,-0.0183905889256165,1.5702228988501155e-05,-0.0107659524023632,0.0013405236769028928
2022-06-06,0.0164450158740581,-0.0007422298274332,-0.0233532494919622,0.0041793773041242,-0.013154927630728,0.0015919731615893435
2022-06-07,0.0010570508263034,-0.0074110717270669,0.0061831929917692,0.0024999868361468,0.0011434495466799,0.0010556319380549972
2022-06-08,0.0068972578258439,-0.0116428538468869,-0.0004316253788977,-0.0028772022307525,0.003671156963873,0.001045472250159895
2022-06-09,-0.0109525842146133,-0.0116403025857687,0.0182874583110172,0.0034065344400492,0.0062710885302419,0.0014395781504667198
2022-06-10,0.0166941710530452,0.0015721311725883,-0.0133248807648812,-0.001320983151034,-0.0068151862396782,0.00128992878206725
2022-06-13,-0.0057888866855891,0.0121948548322073,-0.0149207116447518,-0.0028896896039659,-0.0022513257904362,0.001198903542858863
2022-06-14,0.0074417238900321,-0.008589905938872,0.015122870490102,0.0021731778665792,0.0060575772685527,0.001222250073053879
2022-06-15,0.0059020544557459,-0.0090995705035169,0.0049814804793005,0.0047945954003629,-0.0029074534449064,0.001094321518409952
2022-06-16,-0.0027739283695424,0.0144800660858993,-0.0182061852258086,-0.005887447637586,-0.0045867444303067,0.0011382527455792639
2022-06-17,0.0102136957599991,-0.0049293777159434,-0.0169224429115057,0.0082508976049208,-0.0143229652689461,0.0010486590449757195
2022-06-20,0.004673914401218,0.0113011613775841,-0.0118659458667763,-0.0039317168266492,-0.0090572928213245,0.0013786897088714286
2022-06-21,-0.0027008424293772,-0.0015852522320348,0.0108495521641888,-0.0022588695725114,0.0027655964072808,0.0010603543567185077
2022-06-22,-0.0121072641377207,0.000797739796391,-0.0004224023009426,-0.0026907150797249,0.0012874560020779,0.0014154042500535557
2022-06-23,0.0180636670331335,0.0037361665673286,-0.0110663764432429,-0.0028393780739127,-0.0068314616352542,0.0015566036442613328
2022-06-24,0.0099578927335421,0.0024699536025916,-0.0171910625633978,0.0039863444717153,-0.0076722664962588,0.0010940376634218422
2022-06-27,0.0094322891306184,0.0004353436253402,-0.0057316659369222,0.0001313458618991,-0.0024102034489082,0.0011541997146283117
2022-06-28,0.010047574382586,0.0052331824571177,-0.0032151011243405,-0.0080310461380425,0.0032318817133846,0.0012374763040925664
2022-06-29,-0.016224852154393,-0.0082201366862313,0.0217570723248165,0.0051442454969581,0.0061693076718871,0.0016904596651688304
2022-06-30,0.0120792611067732,-0.0042432529683864,-0.0083820556312605,0.0052288507539893,-0.0071170960753668,0.001059964900176091
2022-07-01,-0.0028837006629166,0.0013574428542696,0.0019603493366818,0.0057739127771016,0.0025273053935206,0.0011514447582186202
2022-07-04,0.0074845082715306,-0.0038148530785257,-0.0087615454920234,-0.0029637243207181,-0.0038950026523789,0.0014037590497163312
2022-07-05,-0.0018346758345787,-0.0088047559333841,0.0102133340282507,0.0013223323113737,0.0024852964690661,0.00120374347363446
2022-07-06,-0.0132614034149386,0.0069158684842632,-0.00816808287175,-0.0024491301793704,-0.0061527901517001,0.0013187573802820336
2022-07-07,0.0053976553337591,0.0033569688749317,-0.0041936590471863,-0.0097998209406847,-0.0011123987370029,0.001190157462782108
2022-07-08,-0.0024979030321111,0.0051943240725743,0.0094983059854721,-0.0041057801525937,0.0069383761115798,0.0010676103380008735
2022-07-11,-0.0127852245598637,0.006315682568792,0.0140015365885573,-0.0012481839974542,0.0060589176902678,0.0012633144047050696
2022-07-12,-0.0095041709977224,-0.0075149540729577,0.0228900312308714,0.0042369144304666,0.0068245420098593,0.001382722201496094
2022-07-13,0.0031347465458999,0.0146537659912787,-0.0053248289144283,-0.0057832979257897,0.0010143772825772,0.0010097881603840292
2022-07-14,0.0018716234987257,0.0056336653913082,-0.0270528758379002,-0.000647424947142,-0.0160057278486965,0.0013348491634374174
2022-07-15,-0.013527428058402,-0.0048138018345195,-0.0141888008971604,0.0042341730774489,-0.0105130669995426,0.0014907821078139266
2022-07-18,0.0152730349928931,0.015918548063756,0.0119358338156161,-0.0018624024097362,0.0087618852458354,0.001515104335840919
2022-07-19,0.0008373347279739,0.0123053118367173,0.0006713465412636,-0.0039644368210529,0.0045543574538623,0.0010657728005006393
2022-07-20,0.0072412909700487,0.0022001268099088,-0.0047779959848321,-0.0032033451897367,0.0016786500200148,0.0010738664528645188
2022-07-21,-0.0087868429705871,0.0072941164877405,-0.003954484954614,-0.0032700036346369,-0.0011911963050402,0.0011090873299433822
2022-07-22,-0.0014099480504266,0.0013457860428756,0.007815424631258,-0.0048227193751982,0.0037018608937535,0.0010153284652246542
2022-07-25,-0.0067496854035383,-0.0042970832578564,0.0064243164141746,0.0050305151591027,0.002639441978864,0.0011376950484762046
2022-07-26,0.0089556044705669,0.0031035370802816,-0.0005975202225968,0.0001098763032063,0.0009072141490433,0.0009506067982885793
2022-07-27,0.0003371809949392,0.0129773881408903,-0.0122119634078965,0.0009369615872297,-0.0051644520038218,0.0009120297852751298
2022-07-28,0.0027877742035709,0.0072803837232748,-0.003943982620705,0.0003556811555809,-0.0015441207219049,0.0010413777326210483
2022-07-29,-0.0094857369512126,0.0065737604370451,0.000691126484661,-0.0017240670173987,0.0013552854414871,0.0011542877215234997
2022-08-01,0.0047444769975759,0.00103320131294,-0.0117518808354292,-0.0012206950057261,-0.0062736223925586,0.0011344319529707058
2022-08-02,-0.0244827562608251,-0.0177375091679085,-0.0053325567644714,0.0048416184043909,-0.0086165645344049,0.002010208751954597
2022-08-03,-0.0081790777026405,0.0020312614820139,-0.0042233902982166,-0.003414493370563,0.0011349475836517,0.0013079359281864716
2022-08-04,0.0082640481938129,0.0070515789568833,0.0008755342790143,-0.0019717246009434,0.0023010691411874,0.0009775078774703772
2022-08-05,0.0130060041334689,-0.0048416777288558,-0.008068699333829,0.002927937991307,-0.0033142342183544,0.0016681330229281074
2022-08-08,0.0043123536428515,0.0150346739461772,-0.0059390435167722,0.0001400482914681,-0.001771567654497,0.0011212323796482514
2022-08-09,0.0026471321078878,0.0021893956255886,-0.0055068601857385,0.0028694374749516,-0.0041886666629743,0.000919535681932863
2022-08-10,-0.0051033836189696,0.0139172221179744,-0.0005056859593847,0.0019908264732046,0.0010616835676095,0.0009840007975836212
2022-08-11,0.0166842916775231,-0.0067543438210841,0.0027463663412732,0.0013576253353088,-0.0015025399895368,0.0014150333141476072
2022-08-12,-0.0018305005057179,-0.0042839267125095,0.0143357379195357,-0.0012967124767244,0.0105215078946587,0.0010670296833172534
2022-08-15,0.0010070375660637,0.0067788026190011,-0.006469607469998,-0.002179287655595,-0.0038333493560549,0.0010251503193610453
2022-08-16,0.001592497823595,0.0100886660788589,0.0022068444747982,-0.0050022685250239,-0.0004529480443455,0.0008769081098896368
2022-08-17,0.0059005718874043,-0.0050756082690899,0.0027827477604941,-0.0048857359218335,0.0005567681147062,0.0009017120747151081
2022-08-18,-0.0044849686220026,0.0126829743390904,-0.011056639842033,0.0006950409801265,-0.0088072931631565,0.0011684978560867138
2022-08-19,-0.0078574566111226,-0.0108245084383053,0.0188577843268332,-0.0027128405129467,0.00938188154387,0.0013630367279358587
2022-08-22,0.0072858450515871,-0.0049212369227411,-0.001659065612573,-0.0009490206339444,0.00283614306647,0.0010596845183060849
2022-08-23,-0.0006678309940771,0.0079679334006283,0.001251845886622,-0.006240683861318,0.001090078161411,0.0010114260553166694
2022-08-24,-0.0217818950984783,-0.0139633777224,0.020197285626101,0.0044578829118558,0.0102715372973925,0.0020296584173663764
2022-08-25,0.0058992764006267,-0.0169273281770163,0.0178761862268697,0.0021716347970432,0.0091816187564567,0.0011458696962159437
2022-08-26,-0.0028671303323182,-0.0047557084015429,-0.0011279027880815,-0.002470068022727,0.0001831241350335,0.0010532967319275609
2022-08-29,0.0004938316229321,0.0095488799448698,0.0028979001487494,-0.0044243188493809,0.0011667435323717,0.001010048594828875
2022-08-30,-0.00380684434673,-0.0026369582761161,0.0072230131012121,-0.0006638082836794,0.0037234332374372,0.0009847942129180734
2022-08-31,-0.0108833789768442,-0.0228734791404374,0.0133342577992647,0.0129444132258479,0.0036591308492127,0.0017210639016586688
2022-09-01,-0.0061359066693077,0.0031790964328412,0.0086856115231201,0.0047122314541549,0.0004956019460025,0.0010194377692366754
2022-09-02,0.0013512472462198,0.0181051197640248,-0.0039943172223335,-0.0102532116396302,0.0046309747795793,0.0010016579595317418
2022-09-05,0.0024179500479302,0.0005063041870579,0.0164951843059131,0.0003436494027744,0.0067105348094406,0.0010743212229687592
2022-09-06,0.0124436373138026,0.0026575595835646,-0.0042602119178826,-0.0022631328276409,-0.002620705062949,0.0011586206966856466
2022-09-07,0.0019699154233479,0.0034140934148902,-0.0076039209774492,-0.0023401355793654,-0.0074459462033971,0.0010893360263989705
2022-09-08,-0.0049504357758921,-0.0072570568392991,0.0070001338096866,-0.0017728870364622,0.0019216539701314,0.001003168392461081
2022-09-09,0.0081156625052707,-0.0136434767492152,0.0039202958642799,0.0073034562770809,0.0001911571112728,0.000978398180186336
2022-09-13,0.0017630076151236,0.0020624632895551,-0.008577986661253,-0.0016495787152652,-0.0028331834416922,0.0008263899872151062
2022-09-14,-0.0094806310226747,-6.776095895858851e-05,0.0025441998209104,-0.0025819929305603,0.003090824630318,0.0010165542032001
2022-09-15,-0.0143917944116319,-0.0136558897328162,0.0233508091018136,0.0054723372829055,0.0104949863067679,0.0017259566138689048
2022-09-16,-0.0229862872967442,0.0004189417217663,-0.0117507847144961,-0.0009435552739523,-0.0057938362568141,0.0017162759897027138
2022-09-19,-0.0039824896561255,-0.0087273759686981,0.0057543789847638,0.0020307986026862,-0.0018198195038923,0.0011079218422103973
2022-09-20,0.0050841729078054,0.0148170866022039,-0.0080173452540858,-0.0033032809468738,-0.0014187873354678,0.0009808499874904176
2022-09-21,-0.0020620716310848,0.0055243215432056,0.0166494522064852,-0.0073491613394942,0.0132208357551857,0.0009690264437642484
2022-09-22,-0.0041220082130678,-3.285248553344363e-05,-0.0017593034765328,-0.0008671737705815,-0.000233503688732,0.0008871242405999135
2022-09-23,-0.0082492353817181,-0.0165653646703667,0.0110468013705901,0.0045778210432256,0.0020812402608186,0.0011969285326567185
2022-09-26,-0.0104758099428148,-0.0055744209578143,-0.0202953725287849,0.0066034945811182,-0.0184634099524925,0.0015409491915406822
2022-09-27,0.0154454518899993,0.0103009808078945,-0.0084962530203984,-0.0026856230315116,8.501960353690663e-05,0.0015104617530208215
2022-09-28,-0.0182524937197534,-0.0115743744050488,0.0139860510353472,0.0067672751789563,0.0039265915137837,0.0017389462925338937
2022-09-29,-0.0015012964338927,-0.0050142678061672,-0.0145813205344004,0.0113596926914551,-0.0090597164752175,0.0009379854984755093
2022-09-30,-0.0073189630667027,-0.0075404141419529,0.0165136824844842,0.0041740502936101,0.0114010208252887,0.001265370588366988
2022-10-10,-0.0174586656975546,-0.0026719872617044,0.0189215343425737,-0.005806055210935,0.0124192280033537,0.0016755952026339036
2022-10-11,0.0030022041916344,0.0054759811907011,-0.005055888403356,-0.0047136805353277,-0.0020541526019705,0.001178450306948379
2022-10-12,0.0182241099646398,0.0123394506818411,-0.0115961348630462,-0.0059951404237259,-0.0063457934652111,0.0019345499913856863
2022-10-13,-0.001943364367274,0.013684536343466,-0.009138720535129,-0.0061752708080085,-0.0004419399771706,0.0011807641167993711
2022-10-14,0.0204695661002742,0.0023980848403664,-0.0164260101566918,0.005686050797956,-0.0053282048163738,0.0015858259301949618
2022-10-17,0.0046905327075192,0.0140904367197924,-0.0045570548220598,-0.0052412943995183,0.0018343758457465,0.0011841902289258847
2022-10-18,0.0003116550499147,0.003953910598267,-0.0043045391497842,-0.0014647768089802,-0.0034190466967148,0.0009218785289247127
2022-10-19,-0.0116671458615226,0.005028899887025,0.0046211510668847,-0.0024905952805513,0.0034332289263364,0.001001312043719383
2022-10-20,-0.0037522420946847,-0.001667674366442,-0.0008169198113983,-0.0029703628746511,0.0043450913006835,0.0011222559435742048
2022-10-21,-0.0002288301287264,0.0012629105977534,0.0027503151184654,-0.002671661463412,-0.0001949271271828,0.0009576910214656955
2022-10-24,-0.0194989373463073,0.0071564606596889,-0.0049909716639695,-0.0035706059698603,0.000936570687466,0.0014116011311242672
2022-10-25,-0.002103405086209,0.0004678040238837,0.0026726968229415,-0.0059139151380532,0.0013890523766051,0.00114433023534652
2022-10-26,0.0105492325918497,0.0099699403988529,-0.0166555205289398,-0.0044446384285445,-0.0021549907919552,0.0016102628082141908
2022-10-27,-0.0052734795984615,-0.0001890869596516,0.008796952202308,-0.0026677732136761,0.0113183362593998,0.0012795427157686655
2022-10-28,-0.0258414054922395,-0.0130305594869959,0.0067515469290714,0.0052089101472906,0.0037784751057637,0.0020422849435782387
2022-10-31,-0.0043974604910658,0.0191592578284401,-0.0172670256210314,-0.0117113817857004,-0.0016585810644655,0.001651864732750462
2022-11-01,0.0269650177923272,-0.0011236566749937,-0.012408809546045,-0.001012523871202,-0.0079306088744035,0.0018575588791138926
2022-11-02,0.0114745723354918,0.0027321330352515,-0.0082291528468271,0.0005981484146624,-0.002264638615771,0.0012135574912046866
2022-11-03,-0.0020025175920526,0.0068205602191676,-0.0045667365088691,-0.0001252981697884,-0.0043132463043985,0.0009579315839297609
2022-11-04,0.0256242893719369,-0.0106132980961714,-0.0068444673839562,0.0026426865807717,-0.0067945196882611,0.001518739458620073
2022-11-07,0.0030838343459702,0.0047222883703993,0.0057790654171261,-0.0014842612685662,0.0071425985036545,0.0009663346350561968
2022-11-08,-0.0042169620614391,0.0030925651171343,0.0052531926903442,-0.0037354662593651,0.0053045857823731,0.0007455634762274071
2022-11-09,-0.0051080770001962,0.0066067491309431,0.0060008171055148,6.569736353279065e-05,0.0054398854618715,0.000790564118586341
2022-11-10,-0.0056283799371878,0.00228598716726,0.0128285878423893,-0.0008718308683927,0.0095280499876416,0.0010495423370078284
2022-11-11,0.0163865856068963,-0.0158293633386794,0.0086637493046966,0.0102928424420116,-0.0042352066045171,0.0011941350937647976
2022-11-14,-0.0007534468557319,-0.0002923008092389,0.0071552459767859,0.0072692347801169,0.0043192600014381,0.0012564493807450995
2022-11-15,0.0171016708090159,0.0039422522602063,-0.015595627935625,0.0050209941438102,-0.0116304610149001,0.0015195132316132124
2022-11-16,-0.0059950779872997,0.0037263384504768,0.0024834070125416,-0.0049233209979933,0.0066396105510131,0.0009351139128249404
2022-11-17,-0.0009663586782421,0.0057318420542216,0.0006280404497896,-0.0050525056463235,0.0037942563142457,0.00102519615687173
2022-11-18,-0.0050638445276304,-0.0022098598105173,-0.0017233482192124,0.0047963830831854,-0.0007658089003733,0.0010180793051748462
2022-11-21,-0.0030452656638085,0.0096815820267179,-0.0054232924918368,0.0011511507589653,-0.0037999189186856,0.0009814006455470348
2022-11-22,-0.003045376485898,-0.0136517464774439,0.0207061629091787,0.0006812502014045,0.0071806901317198,0.0011335695238001307
2022-11-23,0.0006276106945888,-0.0076691339405377,0.0085749205657756,-0.0001517536109522,0.0002025414459919,0.0009503600626918991
2022-11-24,-0.001322042003411,0.0064519090819684,0.0004266436795724,0.0037385294148963,-0.0027389561318547,0.0008185185205221152
2022-11-25,0.0013403514723648,-0.0145945691286617,0.0251775516123347,0.0013334880687988,0.0110386275521599,0.0010386158405689596
2022-11-28,-0.0072934031043598,0.0035504257948238,0.0011341187962374,-0.008442833343572,0.0022703375790575,0.0009012825497187859
2022-11-29,0.0236229129162537,-0.0043074400231944,0.0103794001765287,0.0071242354098165,-0.001208763130674,0.0014052271006689595
2022-11-30,0.000731068098372,-0.0015014275164925,0.0006827391039513,-0.0051383418709212,0.0025129410600294,0.0008305782183099614
2022-12-01,0.0065290959736188,0.0033312116557134,-0.0178782044125641,0.0034238418434281,-0.0072031118937181,0.0010401848394192635
2022-12-02,-0.0025466224784387,0.0121779079620498,-0.0040152940699588,-0.0030887076239082,0.0009242164098289,0.0008314901581119296
2022-12-05,0.0154585939667173,-0.0107920292825434,0.0171476255788891,0.0022446028864737,0.0086036789607294,0.0013040877132089051
2022-12-06,0.0013867854554288,-0.007206958445346,-0.0086062277863385,0.0033818211515548,-0.0062152500456796,0.0009302602250140607
2022-12-07,-0.0022944151925903,0.0041648100764741,-0.006500523796088,-0.0021352454498397,-0.0019167716253241,0.0008887356225768211
2022-12-08,-0.0013365791627704,-0.002321630029555,0.0053447356229896,0.0042419857063962,-0.0027719604405949,0.0008824291995292445
2022-12-09,0.004264759644224,-0.0078791363801211,-0.0040864288845129,0.0094698325402149,-0.0037585086267635,0.0010152994767020861
2022-12-12,-0.0089385111216362,0.0082975431058646,-0.0130835299207468,-0.0024120795317088,-0.00144589256711,0.001222936873639181
2022-12-13,-0.00161400551423,-0.0031291784391379,0.0175410886771881,-0.0050999433275233,0.0087588398539784,0.0010317145986326554
2022-12-14,0.0003126122080345,-0.0034255862128223,-0.0039260253998736,0.0005117472205509,-0.0015190862526827,0.0008169853215659803
2022-12-15,-0.0008929950109416,0.0076267824029964,-0.0103914822627164,-0.0005793336918949,-0.0063886657693884,0.0009268813468685899
2022-12-16,-0.001377152110682,-0.0122230721636222,0.0167334244311001,0.0029703254553213,0.0061167132127484,0.0010405518524319913
2022-12-19,-0.0183681478038649,-0.0034062744175016,-0.0027429896431465,0.001845669702225,-0.0046149159710858,0.0015161563384581097
2022-12-20,-0.0118939924336951,0.0090697940541081,0.001459362107233,-0.0017927193066051,0.0017369508979799,0.0008840207265535573
2022-12-21,-0.0020934595465225,-0.0064018603516559,0.0056107478730526,0.0018319238435201,-0.0003014083302841,0.0008945551603761088
2022-12-22,-0.0045859954079844,-0.0114793424049277,0.0017099244999833,0.0015575813387532,0.0013142701815853,0.0011242723490956263
2022-12-23,-0.0025476962303562,-0.0016987009137318,0.0003083144619157,-0.002112646222763,0.0056089563904947,0.0008484296851199454
2022-12-26,0.0074916625413095,0.0123106908406166,-0.0163626657233547,-0.0054413600123857,-0.0088279099550725,0.0013935751228587037
2022-12-27,0.0102983173432316,-0.0053893248030975,0.0029695142118811,0.0066362725839317,-0.0057287236522697,0.001098169660081474
2022-12-28,-0.0046873696611444,-0.0086265383605492,0.0085938889258351,0.00308470382914,0.0027835393567259,0.0009469167495019648
2022-12-29,-0.0041266750604394,-0.0001972875682485,-0.0078487609994815,0.0005286438345393,-0.0043901866265671,0.0009005478529321476
2022-12-30,0.0048775279522987,0.0046954446354786,0.0078329430701193,-0.0046837161022946,0.0039434938179512,0.0006697035278766162
2023-01-03,0.0094934023738255,0.0158196787424621,-0.0079327911538931,-0.008491660827362,0.0026438855926737,0.0014834703036332223
2023-01-04,0.0023481860775302,0.0047303832302995,0.0111820343311032,-0.000239716891779,0.0040820883583334,0.000887223709395421
2023-01-05,0.0121297884708804,-0.0080267115804393,-0.0172851329279549,0.0079793237564129,-0.0122758157671507,0.0009049443303241081
2023-01-06,0.0008108988013906,-0.0024302745055701,-0.0081477459423023,0.0087628921427648,-0.0099068316248743,0.0009219806699416721
2023-01-09,0.0060496060689163,-0.000551927333445,-0.0052152663247009,0.0010732562255834,-0.0005004702321697,0.0008563604321899592
2023-01-10,-0.0006169207988759,0.0004521714205968,-0.0093124557003301,0.0012057441821149,-0.0059675226163061,0.0007448281620950572
2023-01-11,-0.0027007819679443,-0.0067264943788068,0.0089481024685703,0.005493997192253,0.0021249659238774,0.0009170421752005679
2023-01-12,0.000679131458823,-0.0013679254881247,-0.0034901589333454,-0.0009554379092013,-5.665318936304287e-05,0.0007192843569787749
2023-01-13,0.0101993110634845,-0.0094667564907684,0.0026751099587174,0.0032880123444142,0.0002278355789528,0.0008451125425710561
2023-01-16,0.0107118135995465,-0.0014679475733682,-0.0098459250877416,0.003745782445242,-0.0054628038137173,0.0011471930352798623
2023-01-17,-0.0012233568831636,-0.0006852247069863,-0.0028869269665968,0.0034726597344598,-0.0055554823721948,0.0008066713913516879
2023-01-18,0.0005930528624116,0.0035425660921024,0.0014904147039614,-0.0049410331344974,0.0040623507942382,0.0007405507956130092
2023-01-19,0.0054612698224234,-0.0009823079343922,-0.0047931343468254,4.250375782977045e-05,-0.0015370013848888,0.0009423847309832844
2023-01-20,0.0066622792886263,0.0017599679304732,0.0029063955613978,-0.0036593423319419,0.0060998389838501,0.0008667868743617635
2023-01-30,0.0047040275387566,0.013912512145324,-0.0070396651744364,-0.0055866861907958,-0.000289702845584,0.001019982295663609
2023-01-31,-0.0040441735157108,0.0087663688944787,0.0052230808835584,-0.0035833972747542,0.0025225564975118,0.000892914117732723
2023-02-01,0.0109354421115206,0.0068018705151152,-0.0082411761311653,-0.0059726029531274,-0.0013520495373293,0.0010756400651252588
2023-02-02,-0.0006180159301398,0.004373117087646,-0.0036802892503869,0.0008221589399463,-0.0004967611106554,0.0008751069705131544
2023-02-03,-0.0061568417534192,0.0077251346034208,-0.0038917536047838,-0.0030760195459595,0.0027157154768723,0.0007425659308686988
2023-02-06,-0.0080872564871654,0.0088016252953121,0.0024357298644829,-0.0045342290064208,0.0025281980981917,0.0008414166415774156
2023-02-07,0.0032499676477886,0.0056096745232722,0.0020646749802674,-0.0007664019783362,0.0039697173140388,0.0008466842156301844
2023-02-08,-0.0048518491645032,0.0005566686852272,-0.0003845967007378,0.0012787452488296,-0.0007849149275592,0.0007784481862574136
2023-02-09,0.0125354496048859,0.0012881695373697,-0.0097034722327277,0.0032821102844472,-0.0055586649673577,0.0012224195528744478
2023-02-10,-0.0033900987531603,0.0021265986099575,0.008607670924731,-0.0017187928191935,0.0045075255131336,0.0008243921407277753
2023-02-13,0.0084570064781361,0.0039513182488937,-0.0074671044352815,0.0050602674394597,-0.0022808925037453,0.0009198171476685254
2023-02-14,0.0016077472168747,-0.0018947261227917,0.0019732737230245,0.0048834231105736,3.1221746021936614e-05,0.0006911473267420324
2023-02-15,-0.0031381634011092,0.008063674696877,-0.0055853831138633,-0.0053186792474386,0.0027191679426304,0.000925497006782813
2023-02-16,-0.0117220128104089,-0.0141504286844982,0.0082782153010012,0.0023212181924478,0.0026043586636226,0.0013005459233120344
2023-02-17,-0.0086823952430794,0.0037172513684193,0.0096999703003672,0.0029727166601913,0.0053253669152418,0.0010316383052455897
2023-02-20,0.0193005388576272,-0.0080010915561225,0.0045165948889414,0.0074699841568605,-0.001446992677216,0.0012435198159301162
2023-02-21,0.0037900997411732,0.0003420783361784,0.003452606222296,3.970636714367704e-05,0.0029379595835306,0.0007796274770322081
2023-02-22,-0.0039843476203813,0.0059344868183777,-0.0011754826101865,-0.0006776567570193,0.0011399920702802,0.0006278674301487801
2023-02-23,-0.0015112799713271,-0.0017416659248147,0.0011232518075349,0.0038111299539217,-0.0035644020396561,0.0007650580471912466
2023-02-24,-0.0066366861076516,0.0044450419943405,0.0022769989598082,-0.0048957813028467,0.0031744540977189,0.0007198121192405939
2023-02-27,-0.0045392060328857,-0.0043088438409852,0.0010057603941426,0.0042632563660473,-0.0007834717284634,0.0009158347523532292
2023-02-28,0.006999407011206,0.00347712276866,0.0027858018026335,-0.002435310435747,0.0028551813574564,0.0007720404986089673
2023-03-01,0.0101557259345126,-0.002174624218522,0.0001345076286017,-0.0047429730812516,0.0048346304027522,0.0007882223283739205
2023-03-02,-0.0013311886184835,-0.0038305455784183,0.0096089106676625,-0.0030179438012574,0.0066701229779261,0.0009348839538635548
2023-03-03,0.0038244853242328,-0.0063541063671536,0.0096201416223761,-0.0025043193535735,0.0036314476508216,0.0007596673994984784
2023-03-06,-0.002274636458433,0.0043350809156006,-0.0086179229404033,-0.0018001461539906,-0.002110880677182,0.0009490785014972584
2023-03-07,-0.013291301665475,-0.0103594860363336,0.0125679756791103,0.0027397597027098,0.0043809062792583,0.0012631416714596944
2023-03-08,-0.0002081683665295,0.0113664101720444,-0.0029294234088115,-0.0051270278198768,0.0035008792303011,0.0007133260647918056
2023-03-09,-0.0024633905743642,0.0035063171643144,-0.003738152673622,0.0007905131094782,-0.0003552860631844,0.0007286543670595198
2023-03-10,-0.0138952987564802,-0.0009249469702111,-0.005527156473081,0.0019578448263033,-0.0016650156998895,0.0010728408797118598
2023-03-13,0.0093908241739726,-0.0081332388320449,0.0020811947600695,0.0003202451054118,0.0055186253636414,0.0008828679052061455
2023-03-14,-0.0078757879557812,-0.00707138824284,-0.0037072396072635,-0.0025604366566331,-0.0028991679437456,0.0009963259077667287
2023-03-15,0.0052080505472547,0.003649857875224,0.0147094842584671,0.0013027260542181,0.0058549203857734,0.0009742629011947607
2023-03-16,-0.0116189210980756,-0.0051514572622472,0.0068041284270567,0.0030577941203557,0.0002634578301752,0.0012570198275502573
2023-03-17,0.0071979653218521,0.0005557367632488,0.0053002836538672,-0.007873079256363,0.0083398368107496,0.001086258500152137
2023-03-20,-0.003489646239407,0.0012554576744462,-0.0038950283154916,0.0023882432899771,-0.0056115293381081,0.0010884745748570065
2023-03-21,0.008867663776896,0.0104499511488915,-0.0151274688425482,-0.0011171044488833,-0.0052083657639897,0.001090581100880403
2023-03-22,0.0048635748967407,0.0022816374381303,0.0023516605895796,-0.0018031761993222,0.0013976925307509,0.0008935526734665761
2023-03-23,0.0066333314158808,-0.0081763116249188,-0.0028172049830205,0.0014463597454231,-0.0020762886583324,0.000887462941695011
2023-03-24,-0.0034783914528295,0.0072939677805244,-0.0090124750829161,-0.0027549493053995,-0.0042204824658594,0.000940559986513291
2023-03-27,-0.0023266945115314,0.0040302958946119,-0.0112219069518671,-0.0032197192894892,-0.0029298905830724,0.0010530204587008006
2023-03-28,-0.0030347454989494,-0.0074582397493973,0.0087029281356649,0.0016021210747726,0.0063937295340337,0.0011646350437094677
2023-03-29,-0.0012487448795961,-0.0031607139749312,-0.0081976097128383,0.0012918686309618,-0.0062956603532459,0.0009526235489900981
2023-03-30,0.0054004473588933,-0.0139606752179865,0.0002752546030553,0.0046381855570254,-0.0014712161789984,0.0009225203710800838
2023-03-31,0.0045805689233862,0.0078875946060946,-0.0034676884697602,-0.0049271162724414,0.001900701376837,0.0009564847480971092
2023-04-03,0.0084346590638129,0.0015908872120477,-0.0051362629743785,-0.0088990753125578,0.001822739167176,0.001297603967057257
2023-04-04,0.002202620892169,-0.0153253315170992,0.0093091427179053,0.0006890015354556,0.006890001990465,0.0013366271259353405
2023-04-06,-0.000356743884783,-0.0023457088671259,-0.0093892087374495,0.0055206437884179,-0.0088871349606194,0.0013004358872101352
2023-04-07,0.0058432489955924,0.0053311681531973,-0.0039951939052743,-0.0006857138835326,0.0002883572971588,0.0010606167326067575
2023-04-10,-0.0054305528855336,-0.0110895015503255,0.0075711121126577,0.0063379374749072,-0.000424744157569,0.001302289260717591
2023-04-11,0.0006897773164877,0.001855114866817,0.0057421668349182,-0.0018033127851391,0.0044032201000904,0.0008931030471389461
2023-04-12,0.0039537270276917,0.0074611165462041,0.0071928746408356,-0.0039810463683191,0.0093469092675294,0.0010546858337115092
2023-04-13,-0.0045992241475384,-3.522643541667165e-06,0.0120348585752497,0.0003777676078247,0.0046467595694429,0.0011412134284512817
2023-04-14,0.0048451101414892,-0.0037336258003272,-0.0028210515009318,0.0013134703009308,-0.0023503193138997,0.0010740935965521071
2023-04-17,0.0109267931951966,-0.0154213310133323,0.0135109683268699,0.0073379739196864,0.00268436671486,0.001068415049398033
2023-04-18,0.0014984639880124,-0.0067003212607523,0.0026118333008796,0.005933724117051,-0.0014794215590172,0.0009258491876261138
2023-04-19,-0.0058572965662475,0.0049883041597268,0.0006415853289817,-0.0051895958629294,0.0014493190920111,0.0010039686597639098
2023-04-20,-0.0013065926266078,-0.002120094701016,0.0054719353807552,-0.0029928717945367,0.0071625052705178,0.001187304298744225
2023-04-21,-0.0208647703120712,-0.0089392885221674,0.0090596376812137,0.0046134757839872,0.0033880325355577,0.0017434723914982846
2023-04-24,-0.0068908142714173,0.0053050878192714,0.0086594506268157,-0.0062484818897025,0.0058937820725899,0.0012574477614682835
2023-04-25,-0.0062587476195703,-0.0161176412640683,0.0185156247997495,0.004048408640678,0.0069366967597056,0.0015090037823431825
2023-04-26,0.0009748785824645,0.0100277910982449,-0.0047386613664393,-0.0030637158430835,-0.0041259304828574,0.0015075867423118947
2023-04-27,0.0053758930561593,-0.0098159218314808,0.0052387980852602,0.0041748367332806,-0.0031819641423749,0.0012434741503588112
2023-04-28,0.0126845493428351,0.0119901290358274,0.0066461444312488,-0.0104254294666755,0.0128924196000752,0.001385442728199487
2023-05-04,0.006765600543281,0.0010238354238571,0.0267061604570642,-0.005702835584788,0.0084107306328109,0.0014666753982429158
2023-05-05,-0.00532961638965,-0.0010937099256302,0.0107577606842617,-0.0033044072782016,0.0031120178269198,0.0011502643082279228
2023-05-08,0.0157624719695181,-0.0104718849801417,0.0216921465818183,0.0021060153031245,-0.0023067404549417,0.0011623274141056867
2023-05-09,-0.0121289193357422,-0.0051634511976229,0.003846858714486,0.0001390097104918,0.0068146083686632,0.001188841914601356
2023-05-10,-0.0076692883795416,0.0153951879702067,-0.0172376579170796,-0.0001862394705168,-0.003734561086187,0.001095578091210915
2023-05-11,-0.0021873431443694,0.0108412188583645,-0.0043915565579882,-0.0025803212809672,0.0017559834157449,0.0008465262664882703
2023-05-12,-0.0117193198986806,0.0020387218938068,0.0005972132186701,0.0001764695587864,0.0024184283959604,0.0010496961477642062
2023-05-15,0.0122020470976726,-0.0040334412316508,-0.0082944215437574,0.0056996453778136,-0.0106303408217639,0.0011192912887364437
2023-05-16,-0.006832572393954,5.809975469543531e-06,-0.0057118977437422,0.0093299235153377,-0.0097472942465723,0.000959974191668086
2023-05-17,-0.0016610141774047,0.0146942154939819,-0.0053819584739323,-0.0041638554498947,0.0009855101170251,0.0007651612427937136
2023-05-18,0.0039538179797897,0.0019397611484515,0.004262640903954,-0.0028924910465066,0.0036489630103708,0.0009857047277102157
2023-05-19,-0.0023893779600917,0.0032331540809056,-0.014318389270229,0.0044235997618229,-0.0048622595007025,0.0012828297076067328
2023-05-22,0.0041841312600465,0.0006683633715708,-0.0061005601493932,0.0064630701170006,-0.0038607169271295,0.0009597245769237846
2023-05-23,-0.014312045482413,0.0056595886374674,-0.0072587178808262,0.0034661191482397,-0.0020389864419959,0.0010151093821272107
2023-05-24,-0.011122052035308,0.0131316161973767,-0.0119951882573403,0.0003160257024223,-0.0033635196011452,0.0008436370195002772
2023-05-25,-0.0014189433862821,0.0008877787857245,0.0011135473015475,-0.0023402070716422,-0.0018858585282147,0.0007466551623847417
2023-05-26,0.0043492456235714,0.0006206772104839,0.0055646913514127,-0.005378591471448,0.003710629502847,0.0010496584856190003
2023-05-29,0.0005782907583475,-0.0069703532417278,0.0097944673091233,-0.0012616500435972,0.0043139175134082,0.0010298940449971778
2023-05-30,0.0027520146025656,0.0026704378087625,0.0025053350272341,-0.0052039319065236,0.0048003830251701,0.0008593621093037093
2023-05-31,-0.0053500089749454,0.0024000184486029,0.0009749789946053,-0.0126618736824384,0.0052328032326316,0.0009412209488302003
2023-06-01,0.0024688907262024,0.0023113305344486,-0.0008841127804378,-6.0576560165059856e-05,8.485311844541599e-05,0.000962717250581668
2023-06-02,0.0091477910755495,-0.001696691239263,-0.0022610096985555,0.0062361191484767,-0.0032312842524239,0.001060492159013777
2023-06-05,0.0001581301074797,0.0057676665757293,0.0063747757100718,-0.0021181893866906,0.004274771779226,0.0008765946788790817
2023-06-06,-0.0124682186720849,-0.0081574939381169,0.0065806345181569,0.0053363376949964,0.00092327547749,0.0014269301528986363
2023-06-07,2.2813542730482084e-05,0.0069491485315079,0.0066660078512174,-0.0083185185668359,0.0087356259693567,0.000841639355178624
2023-06-08,0.0037051261382834,-0.0089301253103641,0.0126144849396662,0.0029363848457671,0.0005892882295379,0.000903211696604472
2023-06-09,0.0068888155319482,-0.0030147620927438,-0.002678819450601,-0.0046784623930963,-0.0009144747357546,0.0010652630511416429
2023-06-12,0.0009084978170588,0.0091718770896377,-0.0129916872764461,0.0035611226188813,-0.0031004065582197,0.0011599177049328778
2023-06-13,0.0028658045213374,0.001695707774171,-0.0070446357986898,-0.0041783815509032,0.0012143153657803,0.0008035166819657015
2023-06-14,-0.0005209897173519,0.0016425064397887,-0.0076623099698175,0.0022950766623427,0.0035980527834111,0.0008244342152627166
2023-06-15,0.0091216965434164,-0.0055781098838808,-0.0107051996204693,0.0129417400683068,-0.011939893907487,0.001155127560769932
2023-06-16,0.0068034426626546,-0.0010917120405269,-0.0070052494372884,-0.0006429127328789,0.0035361343285974,0.0009061125135736511
2023-06-19,-0.0037771591258247,0.0054368941897451,-0.0091751980250974,-0.0053840851182464,-0.0023820477386158,0.0009693291347670432
2023-06-20,-0.0036191033590164,-0.0005886000540327,-0.0081257814377656,0.0015042631206466,-0.0020471937122775,0.000906038774444287
2023-06-21,-0.0144536321018468,0.0024751001032636,0.010842291381465,0.0060246051198838,-0.0028784253517566,0.0013841416802882855
2023-06-26,-0.0151470103182789,-0.0040382664611007,0.0026281372510315,0.0061433411876029,-0.0072297106044482,0.001347841681891514
2023-06-27,0.0130449157352066,0.0087474413241375,0.0086647603139018,-0.0023779911798736,0.0025788104131257,0.0012804106478294945
2023-06-28,-0.0009668185477678,-0.0024774361384695,0.0051098577391998,0.0026219985966831,-0.0003823199772334,0.0009183684969951365
2023-06-29,-0.0001735580976272,0.0146241515474039,-0.0024490765812655,0.0009120415749787,-0.0021032506553021,0.0008879604789741451
2023-06-30,0.0080653182891101,0.0048178296425571,-0.0024273376671124,0.0017482120563516,-0.0036385800430587,0.0010506611192509173
2023-07-03,0.011007503849217,-0.0096993042121496,0.0061306354597266,-0.0028658072073679,0.0025504087046403,0.0010953633233067126
2023-07-04,0.0016462486527588,0.005960542505194,-0.0093556738815953,-0.0028065785719343,-0.001698741001453,0.0008826418820363157
2023-07-05,-0.0067869038783855,0.0009554817924954,0.0049254540482725,0.003490139673648,-8.341057694388754e-05,0.0008897234924037937
2023-07-06,-0.0046712258375448,0.0056511884129971,0.0030684184272259,-0.0061498390437346,0.0042780121236096,0.0007728847694275786
2023-07-07,-0.0039381428418061,-0.0023522803442763,0.0085231724823562,-0.0014938583495052,0.0027378594140825,0.0007951237176798268
2023-07-10,0.0024517526361127,-0.0027834185362124,-0.0036002807032367,0.0008937239213655,-0.0020927639822864,0.000814842741535637
2023-07-11,0.0064154284009729,0.0022699027493593,-0.0024765841309573,-0.001722675215201,-0.0030874369038519,0.0008829353738459771
2023-07-12,-0.0086620058107065,-0.0025347842297944,-0.0004644671225729,0.0072815783558391,-0.0041328342430982,0.001063179064387341
2023-07-13,0.0143756834869126,-0.0069604965779149,0.0004674171337345,0.0028972181058261,-0.0012366957738312,0.0010016783236833165
2023-07-14,0.0010553441894627,-0.0015692132947484,0.0057184231657436,-0.002788290558827,0.0065141174984503,0.0007936920700071324
2023-07-17,-0.0053566697774638,0.0041705413729188,0.0027022553178679,-0.0034994474756858,0.002527839456714,0.0008328280848767764
2023-07-18,-0.0022392715465633,0.0024397127256345,0.0010373207855742,-0.0002516406180015,-0.0007416188550293,0.0007348833039808831
2023-07-19,-0.0004477127251133,-0.0018226357539708,0.0093000836233078,-0.0003136208593099,0.0049897680966182,0.000708320277576837
2023-07-20,-0.0087573098860064,-0.0024554520262744,0.0026051678178112,0.003262797057345,0.0006464394625809,0.0009422663592043729
2023-07-21,-0.0004301515844078,-0.0042956905596996,0.0023740512234909,-0.0010055673118186,0.0070822700766257,0.0006899105954435592
2023-07-24,-0.0017525078307676,0.0011526038213489,0.0052854083352635,-0.0043601560534202,0.0050171996915315,0.0007841134963728951
2023-07-25,0.0213686618543718,-0.0055696828392026,0.0018500647212589,0.0048289217413248,-0.0012488325331003,0.0012599041233953517
2023-07-26,-0.0035128274478706,-0.0013534558661777,0.0051211087299708,0.0017607079042006,0.0016647212895262,0.0008358194926057367
2023-07-27,-0.002234831521258,-0.0051306502011081,0.0041902262214241,-0.0001258439703701,-1.820542689695559e-05,0.0007829758446008451
2023-07-28,0.0173170935954589,-0.0128126083010855,0.0076336479973158,0.0003587658457659,0.0030657456270877,0.0011108644750322232
2023-07-31,0.0055336355042632,0.0047360388213558,0.0025738190196419,-0.0059144495699516,0.0026337980958637,0.0009371474042885518
2023-08-01,-0.0014323782789315,-0.0027158049123754,0.0042548287134206,-0.0014998365044317,0.0025522139037924,0.0009331703441368488
2023-08-02,-0.0075233913526444,0.0074611686004037,-0.0049237900748091,-0.0031228351693235,0.0015312079477285,0.0007705207152903078
2023-08-03,0.0049833923672111,-0.0082350732024289,0.0014465952787186,0.0004080364223383,-0.0013503835870918,0.0007325315066158516
2023-08-04,0.0040595599586865,-0.0038692636864719,-0.0020113300798326,-0.0009267952291186,0.0009252280280105,0.0007342279017203132
2023-08-07,-0.0066701595275155,-0.0001515816754306,-0.0038766853954994,-0.0030754673942144,0.0038743539594464,0.0008968524805139502
2023-08-08,-0.0027001608668473,0.0006355776043675,-0.0014247355096669,0.0021945926322375,0.0011597391044286,0.0007481439065706365
2023-08-09,-0.0049669446994599,-0.0042745836851088,-0.0009675449219999,0.0019603807795698,-0.0014135091431248,0.0008434210684328578
2023-08-10,0.0025742658317071,-0.0008612171691487,0.0022095768384363,-0.0014526007245108,-0.0009902702517933,0.0006583952537911407
2023-08-11,-0.0190947807210475,0.0043895428949651,0.0024258354305548,0.0028684164233725,-0.00153218081615,0.00124273960473011
2023-08-14,-0.0027901628596082,0.007406907715901,0.0018207504335009,-0.0087881219138476,0.0054958472666313,0.0007521005128962929
2023-08-15,-0.0019076794308786,-0.0046865993853802,0.0108631699418118,0.0025515346895816,0.0025281376361678,0.0008445560671057397
2023-08-16,-0.0089148396733678,-0.0005408656093896,0.0054730933065093,0.0018451933426475,0.0022803545868531,0.0009867928130535826
2023-08-17,0.0050056211559605,0.0113164412585447,-0.0078812384331244,-0.000382405889027,-0.0007399374812135,0.0008466091454173872
2023-08-18,-0.0122323166356309,-0.0020787501836704,0.007084906280621,0.0035553644107403,-0.0047622240377947,0.001140094450162725
2023-08-21,-0.0108943663902036,0.0066169059100399,0.0028531865483158,-0.0001321694780609,0.002364739946451,0.0009635421718074489
2023-08-22,0.0086776377745725,-0.0068851409424841,0.0034546077584222,-0.0061023623458209,0.0063144478127347,0.0009237074162311525
2023-08-23,-0.0145464875722578,-0.0002613567272259,0.009221973944453,0.0014038088913579,0.0020914743916121,0.0013826015104211606
2023-08-24,0.001948958055991,-0.004682643899481,-0.0148023172114627,0.0019007124600954,-0.0008901995284262,0.0009335450573174413
2023-08-25,-0.0074740822066937,-0.0126986193412871,0.0142499389604649,0.0053162324723773,-0.0003842987564671,0.0012346910222851243
2023-08-28,0.0112583190315491,-0.0002856759510587,0.0161206937256135,-0.0019024314899628,0.0048134356391937,0.0011940724089357022
2023-08-29,0.0148590231130181,0.0232097521536952,-0.0239206646893485,-0.0025881697754953,-0.0057458097791618,0.0018887382428763467
2023-08-30,0.0008219386029897,0.0058417662298371,-0.0163994157659601,0.0002855141750328,-0.0023838992509769,0.0011058263381723415
2023-08-31,-0.0047048479931924,-0.0006392350912197,-0.0044825804382153,0.0038929846394474,-0.0042796344417923,0.0008789710972984309
2023-09-01,0.0039984413816076,-0.0030646490378569,0.0032120849330797,0.0059097338563481,-0.0005323983080788,0.0008442420084780356
2023-09-04,0.0146883203305085,0.0003886907054811,0.0050749709963958,0.0006662004964077,0.0008437433311564,0.0011086639563423195
2023-09-05,-0.0069364799126999,0.0023050634168467,-0.0065584123953836,0.0004426929393822,-0.0011898062311326,0.0006707427827403712
2023-09-06,0.0004902006923559,0.0069553798384892,0.0001744774483338,-0.0023587671197976,0.0001215306711986,0.0008267634648982793
2023-09-07,-0.0125976143211803,-0.0034076774380917,0.0080992307831634,0.0009856623524828,0.0042923672805986,0.0011580080184281317
2023-09-08,-0.0012559763492524,0.0049852398895446,-0.0022442843517324,-0.0074744714138775,-0.0024053816761046,0.0008139921791711951
2023-09-11,0.0084871135544026,-0.000613791957715,-0.0029697754277605,-0.0014861862149323,-0.0012951618900972,0.001038761252871181
2023-09-12,-0.00113752049178,0.0007799822873468,0.0015964464069079,3.8185473774100505e-06,4.46017300037582e-06,0.0006270564215289195
2023-09-13,-0.0061047047559117,-0.0047755167858869,0.0092964090446982,0.0040786800650044,0.002624667117148,0.0008638781890343834
2023-09-14,-0.0002243401729318,-0.0088127676094736,0.0105840181252581,0.0007654059971521,0.0027411013729512,0.0008635172117047964
2023-09-15,-0.0027480890320794,0.0051833806918082,7.507316928828667e-05,-0.0024521861822898,5.932475591985398e-05,0.000765265406172419
2023-09-18,0.0028795159647418,0.0059433971904692,-0.0070470139428501,0.0022949897544328,-0.0004247946829222,0.0007929485618161388
2023-09-19,-0.0021379114054519,-0.0103263718583065,0.0115977901438978,0.0022287178414908,0.0007269612421582,0.0007259740955607532
2023-09-20,-0.0044872327195333,-0.0033411168742792,0.0055444452423118,0.0027973206525044,0.0001212344704655,0.0006429141959498241
2023-09-21,-0.0074564084080988,0.001438432309243,0.0044583317316078,-0.0034901089776134,0.0017265274043609,0.0006783345183775288
2023-09-22,0.0156931743380943,0.0027770172501149,-0.0085952447354127,-8.84115916499617e-06,-0.0003574518167299,0.0012703481253479665
2023-09-25,-0.0048670594732892,0.0019244436869071,-0.0037153177972921,0.0017953083166689,-0.0050458593771795,0.0008530916218751869
2023-09-26,-0.0051544377004814,0.0004010926640308,0.001498239831705,-0.0015672771440473,0.0023058747921843,0.0007100550068306754
2023-09-27,0.0016786905832528,0.0021555171714395,-0.006467031686466,0.0025371405111662,-0.0043868136886335,0.000780682821485954
2023-09-28,0.0020818486126845,0.0117746065108776,0.000175122569522,-0.0061665280389385,0.001780205406467,0.0007972156372949259
2023-10-09,-0.0022480060151849,-0.001312994926579,-0.0031074882677769,-0.0011213029271715,-0.0042271494953181,0.0009008231426504745
2023-10-10,-0.0060364597706468,0.0049509212338763,-0.0053597018950364,-0.0079868948440913,0.0039472479544673,0.0008714064592370251
2023-10-11,0.00186532396314,0.0006326236209058,-0.0067987412087607,0.0008786959733562,-0.0027105487157622,0.0008442824258564582
2023-10-12,0.0095173996371209,-0.0043387412759336,0.0049436238974628,0.0002678450224231,-0.0013631151529504,0.0009143732232957622
2023-10-13,-0.0053433714535524,0.0007021762252869,0.0052550538872152,-0.0033592702904794,-0.0019995679449924,0.0008755244246868881
2023-10-16,-0.0061937525616641,0.0021584221685338,0.0108333414889412,-0.003076798597157,0.0042958917353115,0.0010315932883474164
2023-10-17,0.0031238446856205,-0.0054333973486906,0.0024110399601156,0.0006686336989957,-7.89267991230802e-05,0.0006817839615544854
2023-10-18,-0.0095034230304578,-0.0092514772163291,0.004433653447967,-0.0002014493235834,0.0005489821476761,0.0011788656213209381
2023-10-19,-0.0173847678090469,0.0081618297990277,0.0005631678142209,-0.0042071208755319,-0.002120690484366,0.0010048830806035386
2023-10-20,-0.0085241703853184,-0.0022382363091181,0.0055727025915853,0.0050083780946553,0.0009547306407022,0.0009854367457423842
2023-10-23,-0.0145361327095768,-0.0089436830705112,0.0019839124697802,0.0013379244068323,0.0023040177139643,0.0015817013269140304
2023-10-24,0.0072652905680121,0.0218005626358838,-0.0038924120897884,-0.0022870681621536,0.0026797685331244,0.0012173243726087517
2023-10-25,0.0042161578513968,0.0144049410520954,-0.0032579671612262,-0.0100785874116867,0.0068122924334914,0.0010969793595422262
2023-10-26,0.0053232849801683,-0.0021608007135397,0.0033591834571872,-0.0026834887883119,-0.0007727540152411,0.0008892312492197079
2023-10-27,0.011911444368565,-0.0005545732284573,-0.0124835185113307,0.0067543520146273,-0.0080753218886386,0.001477784498890237
2023-10-30,0.0036285168144569,0.0087859494928714,-0.0204740030909846,-0.004957134158357,-0.0017263137349512,0.001317425406855288
2023-10-31,-0.00188471507253,-0.0028873212491473,0.004693142124476,0.0023458352554573,0.0027797580455173,0.0008188784080523676
2023-11-01,0.0005258304177375,0.0029747072420998,-0.0004933903408778,0.004081384408162,0.0063475883599242,0.0006337159894980599
2023-11-02,-0.0054304299123312,-0.0054228305804769,0.0094356716511097,0.002249905991342,0.004321590403532,0.0008907112601292418
2023-11-03,0.0074183333146748,0.0044069253962692,-0.0122572690579984,-0.000433420927332,-0.003673122378845,0.001028407988791202
2023-11-06,0.0113946110571969,0.0097138779710268,-0.0127570568816243,-0.0078622054394222,-0.0021877589459865,0.001375567772855536
2023-11-07,0.0001377089126388,0.0087521894828138,-0.000233681227968,-0.0024244641865093,-3.177018469535664e-05,0.0006890167221576136
2023-11-08,-0.0007418321317568,0.0045095624898433,-0.0031348956591003,-0.0012033238800193,0.0006581635239365,0.0006907556359351882
2023-11-09,-0.0008271546601361,-0.007733748868616,0.0035788968671228,0.0060852443104126,-0.0035590954448946,0.0006686744416323088
2023-11-10,-0.0046579363673278,0.0040308844383319,0.0010702243521426,0.0024321917212076,-0.0004385686795332,0.0006115063548343151
2023-11-13,0.0029047319791686,0.0095528489752762,2.09600549440081e-05,-0.0070707103439197,0.002326984015692,0.0007891377549368796
2023-11-14,0.0028926276939538,0.0033134117295194,-0.0024393479364653,-0.0075888203851651,0.0034127345320308,0.000615530957350285
2023-11-15,0.0057318123096521,0.000960586445458,-0.0035532194735035,0.0037739496708468,-0.0032486985275359,0.0007319921008907244
2023-11-16,-0.0073660866623642,0.0017295337498768,0.0060832907428302,-0.0027245172556265,0.0039151757445523,0.0008534601379883955
2023-11-17,0.001539272834595,0.0077004969976049,-0.0057742258715943,-0.0019601003825139,-0.0005107035830272,0.0006222251769616007
2023-11-20,0.0046240345249028,0.0072138682353945,-0.0040999066361798,-0.0033770177288559,0.0013236444737615,0.00076450181407989
2023-11-21,-0.0010457754203636,-0.0038932653857829,0.006501675933915,0.003021837660572,0.0046403713898348,0.0007175208699120336
2023-11-22,-0.0085510720811927,0.0002155875359066,0.0085598346203892,-0.0016156768775948,0.0054610489612059,0.0009611298739454305
2023-11-23,0.0063756598085651,0.0038048544171169,0.0010859825804285,0.0007848925341898,-0.0026395200793339,0.0007689896320919026
2023-11-24,-0.0068930454721563,-0.0038221603162209,0.0084359934133369,0.004341965321175,0.0008285130962014,0.0008929690049102047
2023-11-27,-0.0039589395141227,0.0063657922764288,-0.0032062966587339,-0.0035630392544132,-0.000237376210984,0.0008043341102586453
2023-11-28,0.0027673801333532,0.0056847796506067,-0.0042960001183572,0.0010687639123234,-0.0017238249835769,0.0006453273361642738
2023-11-29,-0.0066744718035118,0.0003458075107471,-0.0036030657691458,0.0019566792658066,-0.0009065014330718,0.0007372799440008514
2023-11-30,0.0014325741617962,-0.0083637992550597,0.0048201371206381,0.000597270695119,0.002465424296844,0.0006862674800400138
2023-12-01,0.0013893826267199,0.0050543130551148,0.0047121976224731,-0.0070764614731074,0.005908574239488,0.0007495214982204498
2023-12-04,-0.0031000430785227,0.0047591376716943,0.0042616238878528,-0.0049021760115664,0.0056923397602787,0.0007594153185568237
2023-12-05,-0.0169100909783599,0.0007950513441152,0.0055151262430906,0.0014920616089985,-8.694604844378118e-05,0.0012729391452760226
2023-12-06,0.0004886589477757,0.0035049091211065,-0.0037577369825509,-0.0037633427190395,0.0002837200291592,0.0006459005362956387
2023-12-07,-0.001068243182332,-0.0030255444418623,0.0038096823272455,-0.002659567415589,0.00284710620737,0.0007127689792689604
2023-12-08,2.435472154083129e-05,-0.0160878018507219,-0.0049941522227941,0.0027777348470731,-0.0038139088413571,0.0009763623997645619
2023-12-11,0.0075777489535766,0.0033190282297118,-0.0022682212211322,-0.0003878380440178,-0.0001866694860693,0.001022678122934762
2023-12-12,0.0036822658834756,0.0039659411929032,0.0086310320718349,-0.0010219930705822,0.0041910096406848,0.0006004761993432912
2023-12-13,-0.0111156081695923,0.010362059264463,0.0058221292348791,0.0002479587715871,-0.0011576745465222,0.0009194655626841826
2023-12-14,-0.0036340162287072,0.0018549283289302,0.0054991897028829,0.0006621089902223,-0.0006311493923619,0.0005184646227760912
2023-12-15,-0.0048364138356102,0.0012281356921503,0.0001388253517593,0.0010161355530485,0.0015753477904359,0.0007387597977565155
2023-12-18,-0.0057818417498101,-0.0068239842859556,0.006088244859522,0.0061731974462387,0.0009839599417587,0.0009732942527972954
2023-12-19,0.0010164926326685,0.0003871370928546,-0.005749619990687,-2.2957039509552413e-05,-0.0027691824348127,0.0005904419714687653
2023-12-20,-0.0102896465409929,0.0015231433083214,0.0034474823268838,0.0077472898626083,-0.0027978630391747,0.0010097597594054015
2023-12-21,0.0057684779826714,0.0004414864150665,-0.006918319391184,0.0033667487702178,-0.000782691346432,0.0007121042755230217
2023-12-22,-0.0026904279376371,-0.0146021345445552,0.0020473065644577,0.0097007631874055,-0.0082972612356688,0.0008818751685594189
2023-12-25,0.0020541496867976,-0.0060560674824395,-0.0033819231779648,0.0030006439088831,-0.0020295051103325,0.0007320532474875456
2023-12-26,-0.0072123448853349,-0.0063038463767907,0.0067728143643365,0.0036308155499221,0.0002946440437639,0.0011303733990454291
2023-12-27,0.0058566191195734,0.0020360433007524,0.0019258711639184,-0.0020928159435589,0.0001258119360134,0.000831752741483716
2023-12-28,0.0152896826875892,0.0006272930684406,-0.0170605641486591,0.0034546868075572,-0.0063734232174221,0.001426558701483779
2023-12-29,0.0081454600280193,0.0110833017491242,-0.0054201281414969,-0.0030910741166333,-0.0001020580623718,0.0008686725931348961
2024-01-02,-0.0049914052477795,0.011008584888968,0.012402327770645,-0.0010439334328343,0.001762663662125,0.001059084039894112
2024-01-03,-0.0005028225726602,-0.0040459027806384,0.0103419591793214,0.0005192878164788,0.0044095247345538,0.000813958990512792
2024-01-04,-0.0049838167404446,0.0044518179920834,0.009762009336169,0.0020476959701173,0.0005409921253393,0.0008042728849855384
2024-01-05,-0.0094483426491092,-0.0101646621382264,0.008374171624438,0.0059149365883882,-0.0004370465185549,0.001088025482040466
2024-01-08,-0.0145884660015187,-0.0033783586360804,0.0065125190399266,0.0025372055279497,0.0022303160090884,0.0014435152444574949
2024-01-09,0.0023182193082837,0.0049092328636915,0.0007727390465317,-0.0007129978047115,0.0016658119493551,0.0006932125249966995
2024-01-10,-0.0064177959446641,-0.0051869200627444,-0.0011968403378957,0.002536794107497,-0.0013683820497776,0.0008096381053751584
2024-01-11,0.0061482361671365,0.0123416887577984,-0.0120523287355384,-0.0048025935640225,0.0004128830271273,0.0010958073825754373
2024-01-12,-0.0027213612904182,-0.0070568665042149,0.0072227225999171,0.0023923555072062,-0.0016344635697246,0.000790945171882092
2024-01-15,0.0004476762008178,-0.0013408254387157,0.0072837773181205,-0.0004269662613528,0.0036425968101924,0.0007994567317240292
2024-01-16,0.0022792682923544,-0.0073533811206051,0.0013211495514987,0.0026362603758889,-0.0033884632316612,0.0006419315833061319
2024-01-17,-0.0213838596009846,-0.0028987293917804,0.0106736689127926,0.0028094660885072,0.0010304647732947,0.00165873008502652
2024-01-18,0.0039257709147915,-0.0150240824462979,-0.0094707617490183,0.0040393734719524,-0.0044547033375493,0.0008668903635840927
2024-01-19,-0.0057341896686041,-0.0085948872601999,0.0035547817024872,0.0038848297273386,0.0029307026204814,0.0009231482122383772
2024-01-22,-0.0303235638504913,-0.0328140343849728,0.010471024464845,0.0088737844909382,0.0012616678284709,0.0029915696826746437
2024-01-23,0.0057440708787743,-0.0093551118847748,-0.0026175489307156,-0.0022143899149237,-0.0036289221086073,0.001172069156608513
2024-01-24,0.0168330977726669,-0.0010348434030034,0.0172745476282191,-0.0066219646632982,0.0110399016762017,0.0012108705269927877
2024-01-25,0.0283406398579788,0.0110644412584804,0.0099372639968777,-0.0043117231186856,0.0030866323195182,0.002001892904634339
2024-01-26,6.52497303661459e-05,-0.001314959315987,0.0207049987337384,-0.0035048225975913,0.0100857513146998,0.001167933565897365
2024-01-29,-0.0121448754509758,-0.0250899437702324,0.0156935678888112,0.0059897705741794,0.0030784997760842,0.0015184846478558933
2024-01-30,-0.0202027414083215,-0.0134463412816049,0.0092808325342906,0.002797609815692,-0.0010315872428438,0.0017119499255738952
2024-01-31,-0.0168976669017811,-0.0371542537150737,0.0146190669598785,0.0161584386105698,-0.0052911817365963,0.0019339066548988665
2024-02-01,-0.006380071053315,-0.0159309040727615,-0.0113285252326854,0.004985808479451,-0.0043411713253436,0.0009541944837879628
2024-02-02,-0.0167909221342669,-0.0311139605141164,0.0139241528460328,0.0089008800780814,0.0009034975552627,0.0019843352433135055
2024-02-05,-0.0148281318778119,-0.0864339257221179,0.0109315568067807,0.0332989894680786,-0.0096202985528449,0.002571625388556906
2024-02-06,0.0350046705182893,-0.0293130219362848,-0.0206956668924241,0.0060791829735872,-0.0156113302713334,0.004507234797337308
2024-02-07,0.0126472388318961,-0.051948664121411,-0.0085775678835512,0.0057108683455504,-0.0043413277477462,0.003243133502705596
2024-02-08,0.0157588458871444,0.0730703625203124,-0.0134471032633312,-0.0096107220644744,-0.0031679688939876,0.001645435653651529
2024-02-19,0.0165730595388013,0.0292346597250486,0.0030167665587453,-0.0084337893732654,0.0061788377507758,0.001390549113068621
2024-02-20,0.0049839158296185,0.0117938113625392,0.000683420105675,-0.0040743615625303,0.0021880057975097,0.0008610049055956014
2024-02-21,0.0095141154388527,0.0099194954499818,-0.0042686252433733,-0.0021804595451832,0.0026396924334523,0.000722616450681431
2024-02-22,0.011989039545708,0.0148042331994663,-0.00426783121489,-0.0059571566511602,0.0026170650838667,0.0008468801830816294
2024-02-23,0.0061098219305752,0.0284146196658413,-0.0074780443762362,-0.0103934154095145,0.0009106077493252,0.0009052493200483174
2024-02-26,-0.0069553925956024,0.0263672627927159,-0.0129769825101746,-0.0073797980618667,0.0004172553329632,0.0010467534152731558
2024-02-27,0.0149483868779576,0.014119169733972,-0.0082079403122143,-0.0083119842323177,-0.0008157622625483,0.0013839454204279582
2024-02-28,-0.0229184322066559,-0.0508102292968476,0.0139488466332605,0.0133389519352328,-0.0006727053030017,0.0018991297997233538
2024-02-29,0.0221548560116029,0.0175998776999547,-0.0148127100038885,-0.008249473179184,-0.0029904797368652,0.002068229610888156
2024-03-01,0.005611787660007,0.0077487497810384,-0.0068398844565945,-0.001570247092555,-0.0024210438618577,0.001096181863653699
2024-03-04,0.0032286496089957,0.0013873742881899,-0.0034007288112704,0.0020310050647018,-0.0006813132491844,0.0010402807673512995
2024-03-05,0.0014413316103121,-0.019426458683551,0.0062647225523524,0.0057598841167166,0.0003822717499909,0.0009706713147349103
2024-03-06,-0.0015440727282718,0.0155612038266379,-0.0023013184583766,-0.0018650541185124,-0.0021328602004399,0.0007564207834711481
2024-03-07,-0.005755467927644,-0.0015236882835369,0.0123610754532212,0.0043664291545865,0.0028394156278541,0.0012046148837646954
2024-03-08,0.007567684802834,0.0036104124239668,-0.0012687293119825,-0.0023667173421634,-0.0027647224953365,0.0010061192263940495
2024-03-11,0.0103601106697126,0.0091959836680906,-0.0163886599195298,-0.0043789426680082,-0.0064181234793369,0.0013526679797275507
2024-03-12,-0.0021397283375211,0.0174004315356395,-0.0169514421282743,-0.0036726796523417,0.00277946893258,0.0010738319192118856
2024-03-13,-0.003560221908149,0.0059938273968781,-0.0040131792654828,-0.0030016264694351,-0.0007656977250332,0.0007665812664824924
2024-03-14,-0.0023531149779185,-0.0030624913350966,0.0059809196709414,0.0021222112375242,0.0004460141597609,0.0008558607582292696
2024-03-15,0.0057118582922661,0.0101165939277162,-0.0003492638750561,-0.0034421867403096,0.0012990350425042,0.0009332093799933959
2024-03-18,0.0111766283208589,0.0102185416991189,-0.0070387001293964,-0.0063596905451872,-0.0015915235963266,0.0010755773188308325
2024-03-19,-0.006145422008972,0.0051095592142534,-0.0040303760658202,0.0018691710868082,0.0005472538035045,0.0009993425801407953
2024-03-20,0.0056975466410622,0.0085509848361472,0.000242610750295,-0.0040484098611792,0.0029901542855979,0.0006413429728912508
2024-03-21,-0.0007930328154037,0.0047524346620242,0.0028948544967422,-0.0031721288757207,0.003560291423569,0.000799888706327954
2024-03-22,-0.0088609894721385,-0.0034637405684645,0.0060400004974184,0.0016198910684525,0.0015039396961921,0.001322424669064204
2024-03-25,-0.0099591325478559,-0.0173397210724806,0.0135240227323796,0.0092617588197708,-0.0014841324626727,0.0014189845183289376
2024-03-26,0.0024852500579697,-0.0015855742861908,0.0038541430052445,0.0058620097103281,-0.0036987084463906,0.0009429026775545617
2024-03-27,-0.0153997410913705,-0.0186214184786652,0.0147014707350383,0.0101143529943875,0.0004021283133237,0.0018127938975972867
2024-03-28,0.0080672359534013,0.0178920405084256,-0.0094429192164691,-0.0103027078810219,0.0052731113256597,0.0013937971835568518
2024-03-29,0.0090918106743667,0.004959031544627,0.0053367325699679,0.0011646754489825,-0.0020292946626528,0.0011231102600692535
2024-04-01,0.0149152970849293,0.0070154395112934,-0.0070466102222374,-0.0015667608543546,-0.0028298253163642,0.0014475948115821107
2024-04-02,-0.0018515325729696,0.0011656103179334,0.0099330799237669,0.0058370582834179,-0.0027396578571762,0.0012746394508873229
2024-04-03,-0.0029241445699818,-0.0071054827345433,0.0059522440829545,0.0084108947534961,-0.0040055197165705,0.001009738014112039
2024-04-08,-0.0089715298110505,-0.0161363411541828,0.0121868181102816,9.552587653016698e-05,0.0006190624713516,0.0013618126075673248
2024-04-09,0.0018686771580018,0.0118474859003037,-0.0100092168655375,-0.0004704547318472,-0.0032211628308854,0.0010472442769630392
2024-04-10,-0.0090261436892398,-0.0135995678252549,0.0074560302941155,0.0073318831337126,0.0002093392064282,0.0012461915509000348
2024-04-11,0.0009200435189056,0.0003837210437857,0.0049209703478648,-1.774836353496379e-05,0.0036642151693179,0.0009088518818081783
2024-04-12,-0.0064057955012803,-0.0004575576537965,0.0025776214596683,0.0051962553185079,-0.001626469679157,0.0009908201243297127
2024-04-15,0.0099896514646313,-0.0588771849262105,0.013046675913269,0.0215610069881701,-0.0065615992954366,0.0013251092999805605
2024-04-16,-0.0202303962595691,-0.0560766527295844,0.0167045097764597,0.0261368603233589,-0.0069576419198222,0.002032060260695524
2024-04-17,0.0247764781221022,0.0463666811446898,-0.004079368368144,-0.0146122095568502,0.0018716631240915,0.002108311366184425
2024-04-18,0.0003471264438452,-0.0012168234713978,-2.526649763978661e-05,0.0040316585206617,-0.0012943960403273,0.000922094705537365
2024-04-19,-0.0031738021285658,0.0005701117975481,0.0112803864787935,0.0046725225723172,-0.0001813144501868,0.001154766450980142
2024-04-22,-0.0064890795949182,-0.004086976534248,-0.0131768262876572,-0.0007923525367782,0.0001249640510583,0.0012364335202910534
2024-04-23,-0.0059589560391639,0.0156792684715152,-0.0095456085205717,-0.0053988267190431,0.0018464698563765,0.0011835936200775405
2024-04-24,0.0076948952892437,0.0150158584587336,-0.004898298889149,-0.00796234677622,0.0025215486079567,0.001142642533209795
2024-04-25,0.0024065326001583,0.0016547407397662,0.0015431516670266,0.0004332003358384,-0.0022495750170292,0.000923996173983054
2024-04-26,0.0118056092530267,-3.261765921013076e-05,-0.0127902082324182,-0.0111354452293082,0.0038639026487048,0.0016904013569436563
2024-04-29,0.0111537781365489,0.0182801560425893,-0.0108926285784537,-0.008317775622939,-0.0004882120696568,0.001799174031717648
2024-04-30,-0.0036331437145704,-0.0011162069670012,0.0043399792211638,0.0057544290396338,-0.001477488900086,0.0010798648431405529
2024-05-06,0.0129267857892554,0.010988671764452,-0.0056280230169543,0.0011843183925088,-0.0018896691763365,0.0013745665580025064
2024-05-07,0.0024461853363977,0.0080197579274751,-0.0026025143351611,-0.0003192799486472,-0.0002513665401516,0.0007730665687954052
2024-05-08,-0.0079998939149246,-0.0044518674024906,0.0069376206973244,0.0026936149015887,0.0006027035621928,0.0011248130946653152
2024-05-09,0.0091487955407254,0.0031742085508412,-0.0027046474414754,-0.0011539331513713,0.0007806949493713,0.0011963432350250323
2024-05-10,-0.0015618833165478,-0.0100450070947303,0.0169531142431873,0.0053737696060555,0.0018328889473573,0.0010099228804099623
2024-05-13,-0.0042530158348967,-0.0159169284581844,0.0122849604838066,0.0114419689903973,-0.0044677497987544,0.0010751110172655244
2024-05-14,0.0001163408497775,0.00946461084953,-0.0061179173218217,-0.004900081649492,0.0036574789415942,0.0007629423878514416
2024-05-15,-0.0078957412312553,0.0008761348308238,0.0043480185258721,0.0010151115865412,0.0018611569469209,0.000961728804147147
2024-05-16,0.0016783650517424,0.005418052253379,0.0040822857396271,-0.0048737163266112,0.0020440417235166,0.0007702493520769133
2024-05-17,0.0099890310162913,0.0029788646897148,0.0019117226306957,-0.0097067037823732,0.0048496320920586,0.001063950608387417
2024-05-20,0.0052679453138777,-0.002322760328729,-0.0044420195424043,0.0052395634306493,-0.0008808608923598,0.0009484205327202627
2024-05-21,-0.0049506430051253,-0.0057263343416129,0.0049618602345425,0.00373581239851,-0.000859918531145,0.0008472789211880379
2024-05-22,0.0007100584957606,0.006067572316257,-0.0014436478786724,-0.0043471068226833,-0.0007672948028285,0.0007550209863154089
2024-05-23,-0.0140148551312697,-0.0075580969861615,-0.0017496361144716,0.0057175578082591,-0.0038496958912886,0.0013718910874907287
2024-05-24,-0.009006904333237,-0.0008241837610517,0.0101562178010647,0.0055129531860139,-0.0016002626796755,0.0010668413963778735
2024-05-27,0.0108699144592596,-0.0066814859728364,0.0021416799072564,0.0034822290095875,-0.0009633106566226,0.0010243295360251494
2024-05-28,-0.0061587818500341,-0.0029009809194438,-0.000616329787437,0.0031066116362669,-0.0030350492381444,0.0008628476313866961
2024-05-29,0.0017183538136538,0.0004781636931493,-0.0027431826931748,0.0029135050010614,-0.0007872612511771,0.0006137112440138665
2024-05-30,-0.0056011428525188,-0.0030115136213991,-0.0073159023706838,-0.0047448617204424,-0.0027621860699004,0.0008557756558143874
2024-05-31,-0.0003872728090459,0.0093667173781931,-0.006825407015518,-0.0048327421614393,0.0017067061835284,0.0007053558666917115
2024-06-03,-0.0025432588532092,-0.0211061409931814,-0.0058796708614515,0.0072907455553337,-0.0049081663168124,0.00101868307360359
2024-06-04,0.0042037945155353,-0.0174660870795107,0.0052633659457694,0.0107017850724647,-0.0032473795651181,0.0010028902936920132
2024-06-05,-0.0090206630476464,-0.0149984313116958,-0.0046579892464837,-0.0030957656833896,0.0008590812337611,0.0009622219602178803
2024-06-06,-0.0072672117314073,-0.0375027568927093,0.0075339335861635,0.0187502576992039,-0.0072657356402657,0.0011398169495507669
2024-06-07,0.0027495236721184,0.0216973227881699,0.0130227077445693,-0.0072788742202621,0.0070932959594723,0.0009514894610665138
2024-06-11,-0.004269550105993,0.0110739288660535,-0.02081674177574,-0.0086184512999532,-0.0014117606859032,0.0011929532564064558
2024-06-12,0.0041726432698088,0.0126084227268219,-0.0034517938541454,-0.0024517845536148,0.0054670164188,0.0009715566140223759
2024-06-13,-0.0033501815718885,-0.0003339833589257,-0.0085418540836951,0.0002792284140048,-0.0048418188515914,0.0009209001071632342
2024-06-14,0.002192244834231,-0.0016122704303676,0.0040131624794431,-0.0012933458271667,-0.0009283603828547,0.0009289208771167332
2024-06-17,-0.0040283417435592,-0.003031062792679,-0.0109572955888589,-0.0040475970563895,-0.001522548852294,0.0009848933706098496
2024-06-18,0.0056111795116593,0.0094327840979143,-0.0003068814753659,-0.0079038360820545,0.002831841490129,0.0008247146758457327
2024-06-19,-0.0030554062530477,-0.0007065020957347,0.0048432228518883,9.734646789533176e-05,0.0003307587485269,0.0009560734943380877
2024-06-20,-0.0077751186674109,-0.0141597381986314,0.0035287797782433,0.0043351605967068,-0.0030711264546079,0.001160249396075726
2024-06-21,-0.0011762940409293,-0.0006509021710976,0.0048210658817052,0.0015981470962548,8.9397119213519e-05,0.0006552427659639164
2024-06-24,-0.0133735623014056,-0.0274935089873355,0.0080646766518493,0.0110917619009873,-0.0056749387339693,0.0016186717042550793
2024-06-25,-0.0038637882877924,0.0080167601163196,0.0117149225308751,0.0070347114506944,0.0007537303221831,0.0010467175377412371
2024-06-26,0.0114510294312637,0.0194687761445292,-0.0111151504361426,-0.0118913974414821,0.003503911711298,0.001298928315722883
2024-06-27,-0.0093120394298997,-0.0096108765261002,0.0084477677693953,0.0024403865996694,-0.0021868737593903,0.0013728697521082792
2024-06-28,0.0069668332206027,-0.0012265539502849,0.0052176649042023,0.0029874442120771,-0.0021123642400928,0.0010762139886348829
2024-07-01,0.0092201479593598,-0.001094104368079,0.0158096327608451,0.0021978093985072,0.0043977879570262,0.0011393189401513364
2024-07-02,0.0002379318254728,0.0038341205771982,0.0101353517136968,-0.0039437251744512,0.0068346109938733,0.0010130573777907693
2024-07-03,-0.0055666955717189,-0.0056471735694992,0.005311920576105,-0.0043492292876741,0.0034616458641894,0.0008910328756643023
2024-07-04,-0.0092727612154692,-0.0206880591055408,0.0053315775300851,0.0100622625086652,-0.007045922347283,0.0012578404788250223
2024-07-05,-0.0013432561772739,0.0121846498881,-0.0084749908142098,-0.0048788525518923,0.0066070554348456,0.000832817952664881
2024-07-08,-0.0095273710127288,-0.0201340559494692,0.0081170387129997,0.0049940400469003,-0.0049751393785423,0.0014745187697444702
2024-07-09,0.0131979745951875,0.0054242192340586,-0.0088342015863344,-0.0022272770262522,-0.0039432734661337,0.0015924537626834656
2024-07-10,-0.0050276465818988,-0.0035686590297841,-0.0057823635141893,-0.0044266978775069,-0.0052281046709871,0.0009962664835886932
2024-07-11,0.0141783805410038,0.0203975326673116,-0.0086723599650272,-0.0071136259130947,0.0054515143419385,0.0015198195275672158
2024-07-12,0.0011820181248485,-0.0044778475009537,0.0073888580666905,-0.0021974433187814,-0.0017602587889941,0.0008960527644841656
2024-07-15,-9.864150883398536e-05,-0.0180526765953619,0.0072198592520785,0.0049381871020331,-0.0011822565115618,0.0009734756035580875
2024-07-16,0.0038055765680244,-0.0039118280836994,-0.0066536100325165,-0.0062797549544227,0.0042446172278666,0.0009069399577779987
2024-07-17,-0.0051874959436065,-0.0068688637290078,0.0030923734901053,0.0018898292993828,-0.0009673815540413,0.0010642624431094932
2024-07-18,0.0054335808385823,-0.0087573513905835,0.0004934801866191,0.0052502633830961,-0.0007396128729597,0.0008086072806079021
2024-07-19,0.0018287620329333,0.0048154953305858,-0.0117989280196704,-0.006376216375993,4.037482469709808e-05,0.0008141934210462219
2024-07-22,-0.0058851177583471,0.0113680572457949,-0.0075632206309302,-0.0091921442209917,0.0035698800294797,0.000778208674561315
2024-07-23,-0.0171446408461741,0.0012671080489101,0.0226969467406693,0.0004611801573244,0.0021705710682101,0.0019253671048931871
2024-07-24,-0.0061100593338619,-0.0118161312239006,0.0092313509918136,0.0044257800136967,-0.0003945677584195,0.0010931880192333856
2024-07-25,-0.0040761760612306,0.0108082443006161,0.0021385581458345,-0.0044389204616309,0.000563580846479,0.0008473108838851826
2024-07-26,0.0035865749965158,0.0149363924367019,-0.0073825775864861,-0.0042857571813594,0.0038947158921426,0.0012346453497720537
2024-07-29,-0.0001629610924744,0.0052103794306835,0.0098560301852108,-0.0083474478797814,0.004925822317303,0.0009519546354497964
2024-07-30,-0.0039072085247956,0.0118801894545642,0.0024231890940329,-0.00877253245907,0.0058734548137007,0.0007470653623579917
2024-07-31,0.0216752679064711,0.0085427445146697,-0.0193343901350041,-0.0051261143339029,0.0032857996463229,0.002585470279339204
2024-08-01,-0.002481111405119,0.0049476547098012,0.0038621880973656,-0.0063348156820278,0.0027827132310925,0.0008173055343585893
2024-08-02,-0.0097934998444111,-0.0038991155769013,0.0089957070187723,0.0018300976174379,0.0031779810156588,0.0010883123015656686
2024-08-05,-0.0166648113702783,-0.0109464526794435,0.0109100829192207,0.0045377137661967,-0.0005694916189007,0.0015268749918169431
2024-08-06,0.0037264907336451,0.0176563826910849,-0.0126049582811788,-7.296826752345616e-05,0.0044974441014821,0.0010607136694212648
2024-08-07,0.0007100265542094,0.0017925363134823,-0.0009247874459271,0.0040005474720844,-0.0018586559638369,0.0007771461997770504
2024-08-08,-0.0001034331700613,-0.0033837178470553,0.0082694863175017,0.0031274671585955,-1.2674080831998058e-05,0.0008022561581473062
2024-08-09,-0.0029568608291601,-0.0036841578377399,0.0054385497451487,0.0041359258889394,-0.002879407605313,0.0007667709894183097
2024-08-12,-0.0022098122646923,-0.0050600043074757,0.0036837193609363,0.0070529238910279,-0.0042645895515084,0.0007906816131777394
2024-08-13,0.004234787348389,0.0034688172014306,-0.0007225215479863,-0.0035389701313089,-0.0015186259820479,0.0006094157492006571
2024-08-14,-0.0056359712341738,0.0034171320706494,0.0014312394203613,-0.0024640433384261,0.0033861593754272,0.0010191791149350862
2024-08-15,0.0096412684895634,-0.0004351927472732,-0.0010253656041436,-0.0051147236591808,0.0043332651117554,0.0007090491289380022
2024-08-16,0.0010648712715102,-0.0044583696517634,-0.0018790851333751,0.0034152318016074,-0.006083751987878,0.0012811655713859727
2024-08-19,0.0040487402852382,-0.0100898916853812,0.0125214904333029,0.0008923660495638,-0.0029477227403054,0.000794528702559499
2024-08-20,-0.0095933477968793,-0.0073333525043149,0.0031454327254841,0.0016133038481585,-0.0054406572349548,0.0012161044712380802
2024-08-21,-0.0034848160941129,0.0016739704860023,-0.002230187828626,6.202291529033843e-06,0.0004731095566823,0.0007826334372714371
2024-08-22,-0.0039601458739565,-0.0133870041799411,0.0105604301908035,0.0043020908371269,-0.0042507541159597,0.0010332522954408982
2024-08-23,0.0019539938631827,-0.0090742642447127,-0.0005368260221227,-0.0012034131388138,-0.0025065220613244,0.000732422295900254
2024-08-26,0.002143358741474,0.0111109283659448,0.0031293260385602,-0.0039357772812464,0.0001437810563268,0.0009438180969685011
2024-08-27,-0.0035207323358078,-0.0115856745146375,0.0113732541334557,0.0104175613187695,-0.0055605861268305,0.0011040024957102354
2024-08-28,-0.0029488700047018,0.0084723664397739,-0.0044141532728956,-0.0022373743391689,0.0027309333307566,0.0007663652536792096
2024-08-29,-0.0028566666562644,0.0173711881410107,-0.0242436960835554,-0.0037537838812537,0.0028822861120849,0.0012430963826853038
2024-08-30,0.0091532842762318,0.0110524060531209,-0.0196723036507697,-0.0089483176592894,0.0092692097853926,0.0013289535339942686
2024-09-02,-0.0125688495578313,-0.0018439999097791,0.0154844857215318,0.0008321754093711,0.000462465741952,0.00157958881297653
2024-09-03,1.1936607816398492e-05,0.0091736096163,-0.0159913180655067,-0.0033427171014193,0.0016617836068107,0.0009187016677689806
2024-09-04,-0.0071570856981301,0.0002038325158265,-0.0023668905403539,0.0005407874388275,-0.0029730394687744,0.0006778053849773025
2024-09-05,0.0017591939753711,0.0088308977477976,-0.0022355505231753,-0.0052551643092466,0.0033959107649489,0.0006987388683913065
2024-09-06,-0.0095254353648994,-0.0092844717347083,0.0115495258076833,-0.0005970900277527,0.0006114303606281,0.0011959459182861781
2024-09-09,-0.0099150709276021,0.008664950879966,-0.0039141186870007,-0.0066164300675801,0.0022709063383625,0.0008000937604128903
2024-09-10,0.0037778167395876,0.0024748673769768,-0.0047978367691354,-0.0017102678698424,-0.0035184176788048,0.000806631738794308
2024-09-11,-0.0067719348440273,-0.0012889479775908,-0.0129639536431758,-0.0003124524814258,-0.0040068866907464,0.0009066038899657819
2024-09-12,-0.0027760509878803,0.001263105532765,0.008177979502077,-0.0018024334732469,0.0010282718160747,0.000768082680213762
2024-09-13,-0.0047123330197682,-0.0097865798384689,0.0098751481212872,0.0007421385343888,0.004713762251741,0.0009631581732868299
2024-09-18,0.0040049289544803,-0.0127797335650487,0.0079616757490645,0.0084415414850937,-0.0061341234955785,0.0009767272588718518
2024-09-19,0.0090867161014449,0.0165309681772995,-0.0020108540999975,-0.0049933452637224,0.0062485653042292,0.001169887618526064
2024-09-20,0.0006328684075247,-0.0029048269330428,0.0022307347544164,0.0005687151315113,0.0021978591170968,0.0007998077594613088
2024-09-23,0.0038048762278211,-6.24403400071428e-05,0.0065934120493504,-0.000921948897641,0.000341519741959,0.0008033148339736797
2024-09-24,0.0406513111483406,-0.0084381777819518,0.00119402591034,0.0051742955045405,-0.0023432472451233,0.0026572720280749356
2024-09-25,0.0116341150316927,0.0016014831057875,0.0041223865965611,-0.0053071727913135,0.0034910733637294,0.0008620254394310888
2024-09-26,0.0355434987766756,-0.0050802090007379,-0.0033965697615024,0.0008293859520932,0.0028511499375054,0.0028086490080790985
2024-09-27,0.0347562039658044,0.0121025814515625,-0.0386627549727237,-0.008174320119468,0.003934640015755,0.0034035384528658718
2024-09-30,0.0873297472211618,0.0265467866004489,-0.0411118361417607,-0.015940426636494,0.0017213749095641,0.006437926661767079
2024-10-08,0.0576213853205349,0.0333416756531472,-0.0561547205427813,-0.025401586274721,-0.0076582336038714,0.004823668605343318
2024-10-09,-0.0703829941608563,-0.0270687949519762,0.0088587705488054,-0.0055176233704092,0.0007834116100669,0.004480822009423708
2024-10-10,0.0093212182936728,-0.0080302836543492,0.0242941411462609,0.017867691136838,-0.0057499783277356,0.0016409093701523175
2024-10-11,-0.027867552320106,-0.0121195830835036,0.0220052098568809,0.008426831445132,0.0004079398022068,0.002583231480332787
2024-10-14,0.0243915234733635,0.0122706615419099,-0.008670983384915,-0.0096684870709259,0.0003953114968322,0.001757592425700289
2024-10-15,-0.0247804353332619,0.0122225335829839,-0.0030515068311887,-0.0069675227294606,0.0044515314027164,0.0016123168587239048
2024-10-16,-0.0002568011920092,0.0073782353100358,0.0186262559756993,-0.002797768061598,0.0022385114539598,0.0010188591599610028
2024-10-17,-0.0086598325394028,0.0069035310743738,-0.0150705274564836,-0.0064499818082363,-0.0022119618365362,0.001134695676416505
2024-10-18,0.0318636726611611,-0.0003838481109334,-0.0306236108573201,-0.0085421883846389,-0.0043787468719809,0.002630374939299563
2024-10-21,0.0060428537550436,0.0207967978931032,-0.0264701525294919,-0.0103311454934115,0.0039414174921342,0.0013569556783260732
2024-10-22,0.0050069928068425,0.002383369825223,0.009141317460615,0.0002155616366049,0.000835373308891,0.001316259325463703
2024-10-23,0.003801237059362,-0.001046068637685,0.0020237149015542,-0.0039462205597912,-0.0012746244070931,0.0010234041329229343
2024-10-24,-0.0072757772766846,0.0088582171751629,0.0053550705697801,0.0003697914564723,0.0021338995486171,0.0010322483891586473
2024-10-25,0.0085296065092181,0.0154425961459549,-0.0051177733757311,-0.0054432877320679,0.0033385499369505,0.0012896151503781245
2024-10-28,0.0078925944265393,0.0237072492106713,0.0028174127641681,-0.0120492580750726,0.0168288126476048,0.00124715821670633
2024-10-29,-0.0109194488097901,-0.0067977199410679,0.0005512623402777,-0.0002072574126364,-0.0011903924479494,0.0014836553465596642
2024-10-30,-0.0048749306444382,0.007770115423158,0.0030414262609769,-0.0098676480417589,0.013078704968124,0.0011531819908377006
2024-10-31,0.0048339006498614,0.0129055584387885,0.0036291073418611,-0.0159318761737305,0.00844796842585,0.0012964586118997465
2024-11-01,-0.0076684616529389,-0.0365622466493566,0.0260708896679167,0.024092916517305,-0.0075812813403567,0.0017987686662474934
2024-11-04,0.0134052253976186,0.0086427122888757,-0.0169956401679309,0.0027213322535589,-0.0079154816092402,0.001483242483579952
2024-11-05,0.025195610356848,0.0077600202909843,-0.0139167268686601,-0.0142662841374561,0.0057344499433708,0.0018386018436604068
2024-11-06,-0.0011079563187201,0.0115020311086951,-8.443622489706648e-05,-0.0073200280140842,0.009966397551705,0.0011123996170630793
2024-11-07,0.0249649319238163,0.0010222261156687,0.0046146971772099,-0.0045561019492913,0.0027272690937867,0.0016315011745272445
2024-11-08,-0.0057401106265797,0.0084044855795679,-0.0105799687694336,-0.0077545454128345,0.0001253011992057,0.0012258796045886216
2024-11-11,0.0075570072202411,0.0147935222107595,-0.0256166070034173,-0.0078047742599423,-0.0057876264287546,0.0017473873781820503
2024-11-12,-0.0117423405385349,0.0013453656912712,0.0053909449552987,0.0072647871206542,-0.0007109195495794,0.0013091502967984175
2024-11-13,0.0045577115286323,-0.0040860743870219,-0.002359228609056,0.006124446427042,-0.0038957140735816,0.0008705030335039047
2024-11-14,-0.0195114029969216,-0.0108895006982645,0.0124374940911669,0.0077277474385355,-0.0071053871387237,0.0018217970593193337
2024-11-15,-0.0160198325894952,-0.0026543995588171,0.0116740543062288,0.0060858071097005,0.0005711944601693,0.0016815013966638922
2024-11-18,-0.0073077236625386,-0.0189350222267258,0.0404876411930475,0.0149232521548945,-0.0038220769547797,0.001426671167100239
2024-11-19,0.0102919494120505,0.0173365460275699,-0.0195485780984973,-0.0063426035747277,-0.0010743497285771,0.0014330462386896157
2024-11-20,0.008272506311663,0.0201324286721678,-0.0052942315058444,-0.0087895625870222,0.0094103566681964,0.0008296100885181282
2024-11-21,0.0006463199851916,0.0047056814565696,0.0001959969559495,-0.0035678607720104,0.0026417961247103,0.0007474086018267814
2024-11-22,-0.0308352091242523,-0.0037958209130266,0.0089054401742189,0.0035789659514403,0.002992646915394,0.0024273102016403956
2024-11-25,0.0006863436299056,0.0172067051685419,0.0002016826261981,-0.000151715906989,-0.0010077940101041,0.0009124184785363501
2024-11-26,-0.0031832850426962,-0.0090881916277802,0.0057637724073141,0.0026923251738992,-0.0003896654132558,0.0009532917667050327
2024-11-27,0.0166638968066412,-0.0016386664013088,-0.0131044659990657,-0.0049582351932756,0.002037174475503,0.001365773700388085
2024-11-28,-0.0052893756864083,0.0122271873770293,0.0081963650156867,-0.003902661509137,0.0065354096195255,0.0008841109090523533
2024-11-29,0.0109088163525081,0.0056698813105427,-0.0126231571009906,-0.0011229857900524,-0.0021286540830213,0.0011187511806287566
2024-12-02,0.011960637849407,0.0138385282816329,-0.0007090548787923,-0.0087698580014451,0.0077485874418343,0.001102021366461883
2024-12-03,0.003426244138807,0.0012603135339802,0.0100625368600185,-0.0017747240893227,0.0010966961268956,0.0007646519368744343
2024-12-04,-0.0055458693015907,-0.0106291352454931,0.0015956176261306,0.005212170856173,-0.0031248319144573,0.0011153569216336202
2024-12-05,0.0022013921447399,0.0148371372345438,-0.0055815798043014,-0.0086401513757322,0.0050560939827156,0.000990936302346431
2024-12-06,0.0108272401278464,-0.0027198984811741,0.0062833032773733,-0.0042733375676305,0.0042123731971484,0.0010278698139002133
2024-12-09,-0.0016704263224106,-0.0010561000946331,0.0013354434998693,0.0025370708024978,-0.0057520299991053,0.0009149105861068042
2024-12-10,0.0067565041691644,0.0019370912846442,-0.0108397093717728,-0.0031765838390965,-0.0021702189657341,0.0009427730098020772
2024-12-11,0.0030816195827259,0.0124485881558081,0.0011331448937791,-0.0053564013360158,0.0120595631783058,0.0010792379759454191
2024-12-12,0.0093643997977284,0.0019247393787395,0.0044231091500882,-0.0001845086153554,0.0016627881867169,0.0008422861859255986
2024-12-13,-0.0192164130967201,0.0036127099515483,0.0003186554996187,0.0005273033797199,0.0013112681419754,0.0014081648245322655
2024-12-16,-0.0028599029411643,-0.0024401055490231,0.0149499307991738,0.007304332358735,0.0025108871958293,0.001246039427128034
2024-12-17,-0.0092951583608342,-0.0394321530711704,0.0001942360094512,0.0107604730078464,-0.0098070705538307,0.000982949836136564
2024-12-18,0.0062624032285423,-0.0009802444229178,-0.004075178146603,-0.0052058488953751,0.0024927180281345,0.0008787679397519679
2024-12-19,-0.001242150903799,0.0016536823987307,-0.0106753028791534,-0.002087847906047,-0.0040946939266709,0.0009107518559446788
2024-12-20,0.0006407853989998,0.0129117454840211,-0.011748682044878,-0.0062732916843427,-0.0024531926564295,0.0009718530161535566
2024-12-23,-0.0076729318407933,-0.044057548239339,0.0148348151922111,0.0194454741946954,-0.0161193574499763,0.001393348236413173
2024-12-24,0.0123745386485136,-0.0034729967345927,0.0023050466983025,0.0083113230625901,-0.0074399546721053,0.0009918253167098278
2024-12-25,-0.0030031671611059,-0.0227624344416763,0.0092114319521722,0.01213123770799,-0.0083739460738189,0.000987273577396703
2024-12-26,0.00230966685244,0.0126114677447882,-0.0114063779212456,-0.0052560616431971,-0.0011191065579382,0.0010038287732787924
2024-12-27,0.0010989872419322,0.0070965483829926,0.0070602416953129,-0.0022971560880393,0.0048271511416483,0.0008663985584105531
2024-12-30,0.0013727553484734,-0.0165651904908328,0.0047542640117455,0.0041988251296456,-0.003970871456399,0.0008047071703897118
2024-12-31,-0.0174761003180849,-0.0080347759163019,0.0096244050633776,0.0117068944278737,-0.0021352887190148,0.0017206889686250738
2025-01-02,-0.0263923254721158,0.0149093360770711,0.0028775387273427,0.0023331028026147,0.0042308511267704,0.001966895130720388
2025-01-03,-0.0177232803419313,-0.0257515286181419,0.0056292312528954,0.0160926651545625,-0.0082349780679061,0.0014569996498951887
2025-01-06,-0.002713846021357,-0.0053455547462397,0.006957669037552,0.0048227757765244,-0.0064591705079542,0.0009237823411152893
2025-01-07,0.0100692076159016,0.017880358589019,-0.0123734657985589,-0.0135016146537682,0.0007830917674492,0.001230207461770733
2025-01-08,0.0006387301361456,0.003221273036364,0.0030651044451888,0.0011109378308801,-0.0014055950032076,0.0009981750962401723
2025-01-09,-0.0036188318954439,0.0089408304218291,-0.0116683115526384,-0.0056523942504293,0.0002663743466364,0.0009471923606874747
2025-01-10,-0.0155300169956876,-0.0171301255337053,0.001903021640447,0.0076498345207075,-0.0049448000454288,0.0013331211537534328
2025-01-13,-0.001929814684076,0.000915289385142,-0.0050725251062709,-0.0034449612863031,0.0026183207195785,0.0008594434073420777
2025-01-14,0.0290777753981406,0.0247335434341963,-0.0186787893254002,-0.0124013348328261,0.0059185623731922,0.002209500167084268
2025-01-15,-0.0048354396734103,0.0029970287932323,0.0049483626083327,0.001045740413629,-0.0004047608163939,0.0008747387002458213
2025-01-16,0.0042151955936255,0.0043298696228455,0.0069809839731513,0.0011919751786105,-9.233441262668144e-05,0.0007869836061998945
2025-01-17,0.0018002829449579,-0.0040637604083118,-0.0081560880293014,3.945913298586401e-05,-0.0049768825339693,0.0008901968231343513
2025-01-20,0.0027942504561677,0.0089716767004755,-0.0067907997654084,-0.0006356361685949,-0.0009097152171372,0.0007951017952855245
2025-01-21,-0.0003897399905041,-0.0005575923332234,-0.0089520945262293,-0.003156488796436,-0.0027026485848933,0.0010436765039442632
2025-01-22,-0.0091633964478289,-0.0048660621980153,-0.0029129028593393,0.0021415078590029,-0.0012478827882262,0.0007862716779008936
2025-01-23,0.003805809164844,-0.0061921905142749,0.0123085003173316,0.0031077594107133,-0.0043896824968908,0.0007967843353698293
2025-01-24,0.0078358530863906,0.0045116988872117,-0.0105634025958984,-0.0043275564172823,0.001170414449217,0.0009515060633289444
2025-01-27,-0.0031684135984976,-0.01035693714617,0.0175515828967123,0.0091633882480128,-0.0033018132262618,0.0015216228857644592
2025-02-05,-0.004078548175547,0.0156569553538724,-0.0186947956843746,-0.018907363188811,0.0066904874285574,0.0015564318251265088
2025-02-06,0.0152288297455851,0.0107594525869914,-0.0199421005408163,-0.0070442491247658,-0.0009979094467251,0.0015986301166592309
2025-02-07,0.011115360598183,0.0036108667435065,-0.0045827394129752,-0.0030060552021231,0.0033382849725978,0.0010462816408057058
2025-02-10,0.0071332534132795,0.0159724078054178,-0.0051287496475261,-0.0137850143057756,0.0103946450229377,0.0009928498408687304
2025-02-11,-0.0011683145528974,0.0008772465588521,0.0074203228333874,0.0082693188514963,-0.005790221165548,0.0009362909559984736
2025-02-12,0.0098677692271274,0.0019807581907248,-0.0047896324839451,-0.0062066394767152,0.0001084626376514,0.0010520359182055517
2025-02-13,-0.0048663978712967,-0.0063648093459582,0.0098098978906872,-0.0015025612179466,0.0052077333131744,0.0011257138756132572
2025-02-14,0.0058288855328747,-0.0073147072193443,-0.0104970889760162,-0.0016669702589976,-0.0024564651812889,0.0010413022381130241
2025-02-17,0.0037940632565438,0.014859784136989,-0.0036067892243437,-0.0011842218080144,0.0002644311645183,0.0010819035866299986
2025-02-18,-0.0114644864787226,-0.0175140357900566,0.0070829084411422,0.0100448444870117,-0.0096901682171641,0.0013823691076860277
2025-02-19,0.0102559607126313,0.0174100831582643,-0.0197735466139795,-0.0058469744245975,-0.0026763045638437,0.001289553717738525
2025-02-20,0.0011270112503158,0.0132285896589118,-0.0062908403573437,0.0022245503282127,-0.0009024183671139,0.0009230693831014076
2025-02-21,0.0107168771065231,-0.0017558985290597,-0.0199461116816809,-0.007911859578178,0.0014212612420753,0.0013332755392022667
2025-02-24,-0.0018418821437421,0.0043343822170549,0.0062949054755819,-0.0040276098933278,0.0035729067040338,0.0010414796410111301
2025-02-25,-0.0088271718730487,0.006815755804684,-0.0032607042492643,-0.0054151533216986,0.0031228685215544,0.0010388007386927375
2025-02-26,0.0097701554536777,0.0060247823212201,-0.0006171089743398,-0.0026037573038353,0.0019472475223232,0.0011289086917559484
2025-02-27,0.0009950126090358,-0.0022153238989743,0.006367219411515,0.0012881315356345,0.0007630402453677,0.0010741463635899162
2025-02-28,-0.0223220387938553,-0.0149172293806483,0.0227761324629017,0.0110417108250276,-0.0023698491432041,0.0018206897009343252
2025-03-03,0.0002261304478361,0.0048096849422688,0.0003694101430203,0.0035998016455257,-0.0038027754258402,0.0009992118942346638
2025-03-04,0.0024294492461756,0.0136330864080195,-0.012460369286427,-0.0057058951880616,0.0034307431981828,0.000960238682736249
2025-03-05,0.0059472031674119,-0.0009588973694249,-0.0040067616952189,0.0005103534638333,-0.0027454995542144,0.0008609588466689052
2025-03-06,0.0121384094215015,0.0062784781205118,-0.0123292920575358,-0.0094661226123556,0.0022197956000594,0.0010902882188453355
2025-03-07,-0.0033796399573087,-0.0020663363424118,0.0014946822453635,0.0090464431766543,-0.0049332383907772,0.0010474787101620627
2025-03-10,-0.0020559671225655,0.0089859668037867,-0.0003001201508397,0.0014935318216328,0.0015857525664598,0.0008874785711493197
2025-03-11,0.0038956359727402,-0.0009853270502981,0.0025206715085127,0.0007819150218709,0.0022020361305817,0.0009010604546720056
2025-03-12,-0.0014164948793469,0.0091031389873532,-0.0011525251570075,-0.0014405288826596,0.0006981091540507,0.0008289266576488437
2025-03-13,-0.0053793489904644,-0.00990500012924,0.0136257090299524,0.0078815331313719,-0.0016751766954412,0.001064506161840611
2025-03-14,0.0185705282603305,-0.0003391028937457,-0.0091996002463468,0.0022300057123789,-0.0010953882051198,0.0011810523921323294
2025-03-17,0.0017207204842595,0.0069834445451748,0.0013860858419167,0.0007352207601027,-0.0009825400961984,0.0007233418358955693
2025-03-18,0.0023595440956254,0.004292629444144,-0.0025162636133429,0.0017367899497036,-0.0033346698330332,0.000716667240361321
2025-03-19,-0.0014173900049341,-0.0050314267352476,0.0046268109161734,0.004622608830878,-0.0050334316369319,0.0007627780570276158
2025-03-20,-0.0055241016973741,0.0051742601950014,0.0045950374963918,-0.0017658889170066,0.0026889044868414,0.0007510921444209203
2025-03-21,-0.0138878058891617,-0.0059563501062609,0.0159142415508187,0.0035729250609376,0.0036676490526701,0.0011797626266914847
2025-03-24,-0.0002600242292162,-0.019981798633172,0.0022000190842912,0.0139500639483144,-0.0094959729941727,0.0009147848256104314
2025-03-25,-0.0012927499370074,-0.0061764146103518,0.0108790729798659,0.0093211212292375,-0.0026029747489169,0.0010151894149032104
2025-03-26,0.0005271244881086,0.0124978997666402,-0.0020828132047409,-0.0023728888580512,-0.0005177510116465,0.0006309893916405898
2025-03-27,0.0014461722465242,-0.0083805079899475,-0.0031988281678224,0.0013832060187033,-0.0008860707413348,0.0008224191089046249
2025-03-28,-0.0075562255649342,-0.0097148203311878,-0.0005806182811946,0.0018252273382679,0.0003132184404693,0.0008409696217658159
2025-03-31,-0.0051132400008194,-0.0085289855845074,0.002090240846005,0.0003040106514136,-0.0051388209846197,0.0010704489182457918
2025-04-01,0.0025996788292366,0.0081787880670477,0.0017180972857727,-0.0011384674445763,0.0060276766122908,0.0010276572490150653
2025-04-02,0.0008758220787445,0.0020497796141258,0.0008671343073204,0.0005554143967746,-0.0024763669072758,0.0006641779498067127
2025-04-03,-0.0041423840544293,-0.0032399574714503,0.0128669125809594,-0.0018756171710531,0.0052460322020633,0.001055843501947825
2025-04-07,-0.0802443981963537,-0.0507398031147975,0.0315672985759542,0.0189178002545405,-0.0047637374191466,0.005966919772164053
2025-04-08,0.0143798255860576,-0.0148770746122383,0.0021564248359359,0.0020843150664801,-0.0010932735956569,0.0019196136610853311
2025-04-09,0.012500913176604,0.0185958165640013,-0.0150599232437381,-0.0094689176009655,0.0077462343987039,0.0015355225380229251
2025-04-10,0.0142510922454275,0.018617150683582,-0.0090435702089104,-0.0016695817517082,0.0016522864711207,0.001312026463639552
2025-04-11,0.0047510973735305,0.0048700771870793,-0.0142281025934925,-0.008507240154824,-0.0020034699896047,0.0011111079636266362
2025-04-14,0.0091474919072365,0.0138273232365678,0.0007933371978193,-0.0059504337095751,0.0051073478768907,0.0008792354136642526
2025-04-15,0.0010293988775913,-0.0008918328949388,0.0055516526357753,0.0052820226126062,-0.0047509336167991,0.0007913743334415042
2025-04-16,-0.0008843558952834,-0.0172766570019585,0.0096401369344988,0.0042710284158978,-0.0007695382117562,0.0009179005163001796
2025-04-17,0.00109237321621,0.0079855084886907,0.0011114243420089,0.00070492961216,-0.0007290015063776,0.0006290558407289856
2025-04-18,0.000649818749542,-0.0021687977181781,0.0068584558521798,0.0018211207502416,-0.0001434893062406,0.000757914660213053
2025-04-21,0.006365169408915,0.0157604124766419,-0.013418896895396,-0.0073076898795572,0.0023910869032827,0.0012432148798678495
2025-04-22,0.0017356039066043,0.000435777816119,0.0109545504983625,0.0030342022498926,-0.0013270252280074,0.000779887185819683
2025-04-23,0.0011120279601501,0.0078211447798056,-0.0100075404518649,0.001907399488068,-0.0060584055427013,0.0009695374876279138
2025-04-24,-0.0015051370748948,-0.0072543261488996,0.0145910478465647,0.0050410843121959,-0.0040044967337742,0.0009418170371042147
2025-04-25,0.0004676308008029,0.0006200416571616,0.0015945664349381,-0.0013309261401828,0.0022480953254776,0.000863270013349146
2025-04-28,-0.0030321486702787,-0.0146709495933488,0.0011710802337923,-0.0011759155030767,-0.0017015766321368,0.0010291148073877357
2025-04-29,-0.0001073586400897,0.0109141442637522,-0.0052539835184652,-0.0037321785956716,-3.776915819597715e-05,0.0009577767465846903
2025-04-30,-0.0006512617286922,0.0115697292481234,-0.0191339916295325,-0.0089869370735053,0.0049977761653829,0.0010412356476887676
2025-05-06,0.0142368688720286,0.0176635036933103,-0.0131961997907846,-0.0102517696458372,0.0024243231951622,0.0013411101019455733
2025-05-07,0.0069533910353969,0.0032222937857669,0.0073511830771865,0.0025219539678617,-0.0012007758521108,0.000756392784225378
2025-05-08,0.0050587438636398,0.0085621919877046,-0.0052186824357711,-0.0020387189036884,0.0002195794085895,0.0006994275036902795
2025-05-09,-0.0040722266303234,-0.0069261283904758,0.009807509533434,0.0091800679025927,-0.0040021573202158,0.0009938746001940332
2025-05-12,0.0101871619684073,0.0041956394324929,-0.0104962408722945,-0.0028458179263542,-0.002015753992187,0.0010368686338043174
2025-05-13,0.0007759621965013,-0.0020517194972294,0.0099456443840961,0.0031416395819005,-0.0011532847110362,0.0007121950802055566
2025-05-14,0.0076760527430492,-0.0057641443779565,0.0031030631732226,0.0026557452242218,-0.0023820502529322,0.0006528266593057422
2025-05-15,-0.0089721905083319,0.0025612719351054,0.0100936192354851,0.0056518876056756,-0.0021484886183543,0.0010810947957104436
2025-05-16,-0.0019853008222341,0.0103338957117213,-0.0063338923801187,-0.0039036178529263,0.000538331803324,0.0006103071513555211
2025-05-19,0.0011053968004199,0.0101973092658975,0.0021378822429385,-0.0087231210908731,0.0061145514919858,0.0007393834084438463
2025-05-20,0.0058648646692829,0.0056434539927057,-0.006976119061162,0.0005708523007585,0.0015363857532565,0.0006260829438177312
2025-05-21,0.0016954043823602,-0.0089488227733234,0.0051261190601495,0.0048252786070894,-0.0005977629771122,0.0007243417632289875
2025-05-22,-0.0047766100976754,-0.0110596129057688,0.0029110318928426,0.0003608343811805,-0.0007493802437364,0.0008434307249901359
2025-05-23,-0.0090608077709516,-0.0010758554925936,0.0005074041540635,0.0055499911783694,-0.004330654650179,0.0008685812191146857
2025-05-26,8.764514192849404e-05,0.0126833029098001,-0.004218694587083,-0.0077289543469759,0.0054174120811156,0.000727171818610607
2025-05-27,-0.001977205740491,0.0076117776158952,0.0092473526468231,-0.0036212593148726,0.0048099121871756,0.0007625183475909323
2025-05-28,-0.0015074365326734,-0.0002097194344082,0.0036379379044412,0.0082883268585766,-0.0027158578951331,0.0007578751505967537
2025-05-29,0.0089320584856145,0.0082868476810518,-0.0104832549605017,-0.0129546213368474,0.007253977765968,0.0009913118246456221
2025-05-30,-0.0058032023183234,-0.0109875507628626,0.0091969843225784,0.0026916826182986,0.0010547658680722,0.0008848424679112373
2025-06-03,0.0048275551151892,0.0061188336655537,-8.800962101274123e-05,0.0005392000447143,-0.0004495637962566,0.0008277315508152015
2025-06-04,0.0055208661491628,0.006022431530023,-0.0021056848731307,0.0001685858832456,-2.537288279635952e-05,0.0007529648214514638
2025-06-05,0.0033078712524752,-0.002203600751731,-0.0092609262898187,-0.0048225363565552,-0.0014659921903296,0.0009295861468147412
2025-06-06,0.0003350772992547,0.0001737266205681,0.0045312861067137,-0.0007103862210156,0.0008489547877075,0.0006992879860200448
2025-06-09,0.0052912148722945,0.0095514758331575,-0.0039323189991372,-0.0085165749057471,0.0051477163821878,0.0007520697485563177
2025-06-10,-0.0054626538683222,-0.0011290900344881,0.0071615164604145,0.0052725735724569,-0.002549540276377,0.0009289593058183869
2025-06-11,0.0059234817160267,-0.0001813159775063,-0.0010059745944361,0.0027410141796589,-0.002456571320322,0.0006226450907235995
2025-06-12,0.0005170194582264,0.0026589119108386,-0.0029577986578721,-0.0001962740016056,-0.0003333207026917,0.0006981344316766974
2025-06-13,-0.0083873135091739,-0.0118852513962238,0.0049646855169516,0.0072498156380523,-0.0031502562323482,0.0010122438057223219
2025-06-16,0.0044410064127178,0.0065059106479565,-9.99398013346118e-06,-0.0066734223426166,0.0043673762511801,0.0007157678568127009
2025-06-17,-0.0007040311315353,-0.0008763848504246,0.0049324182319178,-0.0007721240321902,0.0013184076042782,0.0006825103032919774
2025-06-18,0.001074261206073,-0.005897933756249,-0.005246238298952,0.000483313774792,-0.0051610668482798,0.0007371606785461326
2025-06-19,-0.009570397191073,-0.0106492228777406,0.0035505193251709,0.0042812927610025,-0.0040582168701432,0.0009430311528293631
2025-06-20,-0.0013020591126302,-0.0057906761780801,0.0097927321071404,0.0052721959316894,-0.0031904566840336,0.000734914725569731
2025-06-23,0.0074123072992375,0.0129939772743662,0.0011460305291322,-0.0119683812496721,0.004733079760562,0.0007813198270658863
2025-06-24,0.0129367374320359,0.0077977294839336,-0.0051848566851417,-0.0028985138423139,-0.0010535492601979,0.001199235870660515
2025-06-25,0.0123182434219,-0.0048843414578575,-0.0059443519336126,-0.0023280101637009,-0.0016968840437672,0.001013324465976849
2025-06-26,-0.0020523109933288,0.0016108536441484,0.0029916560987147,-0.0004627211738006,0.0011009505787696,0.0007126453685905477
2025-06-27,-0.0040853909784244,0.0089851347113168,-0.008389905176842,-0.0016872606706362,0.0046403016252881,0.0006852379630762775
2025-06-30,0.0073757983357654,0.0087614441871614,-0.0088460952525047,-0.0054158713132919,0.0029268847230674,0.0008932054785818263
2025-07-01,0.0038195941414393,0.0001474419811721,0.0064744328879506,0.0021425030961498,-0.0017113685710007,0.0007857433114964917
2025-07-02,-0.0027566320786245,-0.0022609493012287,0.0150295386696062,0.005429324894481,0.0019534783419791,0.0010027845383037
2025-07-03,0.0038826195519665,0.0035506110045602,-0.0052590465508345,-0.0006771648060485,-0.0020261204891903,0.0006643552762718325
2025-07-04,0.0009461241730701,-0.0127688245267711,0.0069791881607421,0.0038314323599132,-0.0014711935298321,0.0007301910064177476
2025-07-07,-0.0001675761852334,0.0090345658199383,0.006055080991275,-0.0025376190477261,0.0022956287219849,0.0007650005524247875
2025-07-08,0.0084066138845868,0.0031490064827569,-0.0055812709142682,-0.0043087540761049,0.0007176237295596,0.000965530722582515
2025-07-09,-0.0004947094718846,-0.0008579718386564,0.0035223214150241,0.0009263218544033,0.0015994792956484,0.0006515701450238693
2025-07-10,0.0047210932840249,-0.0036095742059624,0.0109733686419336,0.0006824867548957,0.0008728747359909,0.0007965739028082201
2025-07-11,0.0021152686144771,0.0002358128702586,-0.0088128469699731,-0.0064503763100521,0.0022966016846416,0.0007983174243835037
2025-07-14,0.0026862077642415,0.0050736149427172,0.0031644154468938,0.0052789552822124,-0.0037297315398412,0.0008028611804866274
2025-07-15,-0.0027475356705017,-0.0078727601683242,-0.0106307032830552,0.0041633800521632,-0.0065743706692071,0.0009457246747317134
2025-07-16,0.0002938437955815,0.0065595897937582,-0.0019047982515654,0.0005186848453192,-0.0007004946617835,0.0006630870094559993
2025-07-17,0.0064991303153731,0.001697164703602,-0.0116235634821845,-0.0095100965499604,0.0027561676853626,0.0008162328241980671
2025-07-18,0.0046890743534497,-0.0036842000592588,0.0024159987034121,-0.0012930614690562,-0.001052277048313,0.0006744219335296151
2025-07-21,0.0075340753371104,0.0074091433574443,0.0040764477610922,0.0003678005570417,0.0022312079479265,0.0010587804928554282
2025-07-22,0.0057916140510836,-0.0030602531625216,0.0018068437343287,0.0077472148048178,0.0015218922676497,0.0010834172979578656
2025-07-23,-0.0016076274526585,-0.0078466757866006,0.0035271431640707,0.0017627612358864,-0.0035878204177476,0.0008615761449809896
2025-07-24,0.0075600359076388,0.0021873940891096,-0.0050215225156022,-0.0100019008715754,0.0086836934445232,0.0011689489598946882
2025-07-25,-0.0026472699772744,0.0046597632436267,-0.0066579456502647,-0.0062009287502405,0.0007116221102282,0.0008698314230239146
2025-07-28,0.0023140223205067,0.005182800792218,-0.0056685882571952,-0.003626434226903,-0.0032827302651309,0.0009186245232006124
2025-07-29,0.0030452175808806,-0.0013565375818634,-0.0091891406427622,-0.0042931491859032,0.0032249445926237,0.0007245138732151589
2025-07-30,-0.0011125702704486,-0.0036754967622079,0.0073302475412257,0.0059611811475352,-0.0017342027219028,0.0014106690990187212
2025-07-31,-0.0121598833541176,0.0037996638858371,-0.0029608130144677,-0.0049646662326867,-0.0007599098535069,0.0013508866131720062
2025-08-01,-0.0025091716292057,0.0086743179940347,0.0017864067402605,6.730157180129259e-05,0.0022484663937808,0.0007590677986395458
2025-08-04,0.0067804513830693,0.0075347409138477,-0.0055167687013725,-0.0028605259896069,-0.0009393874392469,0.0007828110665635697
2025-08-05,0.008864888635188,0.0012341833835003,0.0023718895327478,0.0005610163264901,-0.0031874374229349,0.0007203165023442529
2025-08-06,0.0048498677711177,0.002593353233606,-0.0069476892204715,-0.004602092647577,0.0005589965036366,0.0008087592833711832
2025-08-07,0.0006721368615605,-0.0002470846382959,0.0012253945347973,0.0002358751435338,0.0006378911685967,0.0007397664478568446
2025-08-08,-0.0013014637503654,0.0031615988452678,0.008662165655952,0.0083179918582205,-0.001287073146188,0.0008494933254600165
2025-08-11,0.0059816188014294,0.0111932158292482,-0.0101010578969104,-0.0078849623114087,0.0034342829644299,0.0009416482888528429
2025-08-12,0.004442228322858,-0.0055153626813722,-0.000801878571171,0.0022640853295999,-0.003580462180252,0.0008106904815048435
2025-08-13,0.0067593892831852,0.00010290854627,-0.0128430628304672,-0.0031534261324676,-0.0007218875664696,0.0009488393025543867
2025-08-14,-0.0065778961413341,-0.0139251845854747,0.0027143536986154,0.0043450494005936,-0.0051494306888936,0.0010870598671702738
2025-08-15,0.010384341746181,0.0084894638149146,-0.0113611889768102,-0.0055674936523091,-0.0004464565499363,0.0013112202931724896
2025-08-18,0.010967319074653,0.0073189128047764,-0.016779571233715,-0.008983138875531,-0.0014285630714414,0.001180417781397184
2025-08-19,-0.0003466699389631,0.0079949908381707,0.0018788453046143,-0.0011759654259467,0.0024467271662562,0.0007852843468671627
2025-08-20,0.0092797365878947,-0.0057333400820358,-0.0022485551897833,0.0013454100150336,-0.0021959609333217,0.0009891302246416414
2025-08-21,0.0006309135495106,-0.0065298110592596,0.0088364571548882,0.0006118276460383,0.0027036581159731,0.0008553665682827099
2025-08-22,0.0141487977426064,-0.0125336552032221,-0.0165344269989924,-0.0102683359953047,-0.0035526003111046,0.001086979672144358
2025-08-25,0.0152561110835967,-0.0071436316556145,-0.0094111027051281,-0.0046341385765901,0.0030519214723324,0.0011898585688266676
2025-08-26,-0.0020110640276508,0.0029843423887286,0.0019610636315598,0.0014572574158889,0.0035390496155732,0.0010234080435729354
2025-08-27,-0.0179420784093958,-0.0083334536626814,-0.0055743730522262,0.0048701520098648,-0.0074804002266744,0.0015190562943466126
2025-08-28,0.0126403984403793,-0.009595668274456,-0.0169957814381621,-0.0096185100083008,-0.0037127061740241,0.001244081100193887
2025-08-29,0.0044596941248216,-0.0062484400092073,-0.0051173983480002,0.0064755910235132,-0.0071571413774436,0.001162535101650765
2025-09-01,0.0056712628163326,0.0052966138446168,-0.0071116470270164,-0.0050418053342,0.0037072209456633,0.001185700503252951
2025-09-02,-0.0081258876049886,-0.0079153224539476,0.0192734962355002,0.009240869462215,-0.0051143403623077,0.0016186395177085278
2025-09-03,-0.0122234744374137,-0.0077568238396651,0.0018193322534607,0.0109298362056574,-0.0052711750412504,0.0013482653304493525
2025-09-04,-0.014160421506671,0.009443589388816,0.0254751361766528,0.0091599426331788,0.0026347501919657,0.00160369303148874
2025-09-05,0.017840781028509,0.007288566558665,-0.020848790075394,-0.0036430809247967,-0.0029166583137215,0.0016948720906327622
2025-09-08,0.0052616708150754,0.0084247180514113,-0.0001672504886061,-0.0008138387344305,0.0032185021694398,0.0012841543435875853
2025-09-09,-0.0075337528029915,-0.0040477872705436,0.0139352226989405,0.0022414593560811,0.0008500163135834,0.0010967812826196159
2025-09-10,0.0020419888003471,0.0009402431846661,-0.0040386880994688,-0.0015497083294233,-0.0004800879744132,0.0007889654616114785
2025-09-11,0.0185822541225344,-0.0044434261886354,-0.0168404342575702,-0.0038129442092753,-0.0038690168324782,0.0015032573517233545
2025-09-12,-0.0020564918922666,0.0010705152490616,-0.0021565917805255,-0.0098681699576975,0.0043626291577759,0.0009937000620656117
2025-09-15,-0.0004100957470434,0.0001154649278507,-0.0011108210058518,-0.0002987464884469,7.101632799166879e-05,0.0009261181141795923
2025-09-16,0.0025647485689535,0.0118191943004722,-0.0076203833479275,-0.0030593521770609,0.0006212171762124,0.0009272632890839753
2025-09-17,0.0060000554080701,-0.0033280407070053,-0.0064817133560104,0.004312911175887,-0.0046129522455923,0.0010540977304483974
2025-09-18,-0.0121894463439937,-0.0003573489082498,-0.0095011698927046,-0.0007531610430134,-0.0008061813246286,0.0013278379534636582
2025-09-19,-0.0024801031643852,-0.0045476615924261,0.0012272762476486,0.008498735503561,-0.0008996237875472,0.0010687116432458181
2025-09-22,0.0024730418406366,-0.0014904775338488,-0.0158927078840028,-0.0051184121614757,-0.0030692792310821,0.0010936106774718987
2025-09-23,-0.0030324633751899,-0.0114275869491874,0.0078715687062923,0.0122087278599649,-0.0109144188316622,0.0012470457376211512
2025-09-24,0.0105495866655187,0.003862074488082,-0.0076655662840374,-0.007311375781201,0.0019725949083621,0.0014029953903638636
2025-09-25,0.0004639429298682,-0.0081064017183484,-0.0076019224197744,0.0006078826690179,-0.004391234378554,0.0009139401868804038
2025-09-26,-0.0092669419487273,-0.0006463725992885,0.0184340814613955,0.0062356199104147,0.000255260025611,0.0012626119967501304
2025-09-29,0.0107738985592569,-0.0023302994228011,-0.0042081633989023,-3.2395284184305595e-05,-0.0031282333110754,0.0011215564387513895
2025-09-30,0.0046288354343422,-0.0039979261977089,-0.0054760692757649,-0.0097280399555094,0.0045807706455736,0.0011263777111812678
2025-10-09,0.0124124508090692,-0.0078198731349959,0.0013949519131648,-0.0008376820663682,-0.0017738427220204,0.0015760118917760317
2025-10-10,-0.0116520618988404,0.0124925401818352,0.0256228341159693,0.0126091281494568,0.0034087113621173,0.0015042285632163278
2025-10-13,-0.0033598120525032,7.22772552033617e-05,1.8526770281634963e-05,-0.0114779870611519,0.0028704211657708,0.0013238635126422383
2025-10-14,-0.009559487974963,-0.0016397748275337,0.0272372618084156,0.0086274647295305,0.0036976638995203,0.0016172843595852332
2025-10-15,0.0127623196923887,0.0024513644832322,-0.007189072430321,0.00029157802541,-0.0032672905514166,0.001136191529965342
2025-10-16,-0.0002458061972797,-0.0105748495137106,0.0058428656323358,0.0061044137423293,-0.0049077480858423,0.0010509308855094364
2025-10-17,-0.0208093071264184,-0.0008447078508121,0.0169876183183998,0.0051463061260923,0.0032079967481509,0.0017251983480041939
2025-10-20,0.007402052574148,0.0078593085805083,-0.0019381375824449,-0.0051919388368444,-0.0006402085692873,0.0008636280115473286
2025-10-21,0.0137794380295106,0.0046448547785954,-0.0044946311830216,-0.0031502307298421,-0.002025483086373,0.0010074523264598585
2025-10-22,-0.0012223169705748,-0.0001278801607343,0.0081066769397334,-0.0003769273734791,-0.0010523387612221,0.001030193763548076
2025-10-23,0.0023617748993609,-0.0025169722871922,0.0045497617026429,0.0033841103974074,0.0009072321707397,0.0008708979441166717
2025-10-24,0.0092335054664547,-0.0039823294293029,-0.0192362224507442,-0.0039749773611839,-0.0091354674391745,0.0016991468843404521
2025-10-27,0.0117003202998495,-0.0042311680024014,-0.0057950762415351,0.0009197668644114,-0.0038363761336719,0.001056992874791027
2025-10-28,-0.0025201055348477,0.0055132204205048,0.0004772535757494,-0.0026484484746287,0.0016916137851984,0.0009841878498388402
2025-10-29,0.0083532462686863,-0.0092232564100429,-0.0078494989781019,0.0022152343849282,-0.0013728361304952,0.001220702644845928
2025-10-30,-0.0085537670464133,-0.0044610570632682,0.0085787069546033,0.0002504297404722,0.0027917302851082,0.001291661314688845
2025-10-31,-0.0066320903948764,0.0177590386133046,0.0031393292170132,-0.0088749323533098,0.0135366828405005,0.0012902885736793006
2025-11-03,0.0053931085648222,0.0027991973673539,0.003658525473779,0.0003999295693563,0.0064031676090122,0.0009562507658856918
2025-11-04,-0.0064308010231676,0.0013299635938851,0.0146878950973804,0.0018677325055657,-0.0008716844839772,0.0011136325749775819
2025-11-05,0.002300301750207,0.007912971064018,0.0030032643895502,0.002198102331288,0.0002425935944101,0.0008158704480128463
2025-11-06,0.0103221916041169,-0.0068109632883771,-0.0069179047340208,0.0045869345812012,-0.009598073204447,0.0010550971070342728
2025-11-07,-0.0024758135099952,0.0011017301204689,0.0092317250842855,0.0008256634140422,0.003140306559347,0.0011004881855633086
2025-11-10,0.0053468259608955,0.0012063210633756,0.004973880661078,-0.0021137877203613,0.008735982131092,0.0010550404501552388
2025-11-11,-0.0042150754597046,0.0101596579148189,0.0098421588831947,-0.0016943954824888,0.0028369544598149,0.0008726013626472269
2025-11-12,-0.000767601519098,-0.0034393504506941,0.0056049213933762,0.00204548302952,-0.0027868419784063,0.0009672705936853321
2025-11-13,0.0092649668145565,0.0017675118850267,-0.0019818789490808,-0.0065836056421119,0.0016257707087882,0.001008410357568027
2025-11-14,-0.0106328027734287,0.0094393379845612,0.0128340182977718,-0.0037622639047743,0.0060217715312911,0.0010485822738614064
2025-11-17,-0.0033551374835386,0.0065328474762879,-0.0055726457574684,-0.0142847295681948,0.0086578861572305,0.0010076563487929253
2025-11-18,-0.0081797710209043,-0.0060578502590925,-0.0097873918912255,0.002602568781824,-0.0032321934775936,0.0010739860457314745
2025-11-19,0.0004024520541332,-0.0143016853484213,0.0052389397904855,0.0099527939252646,-0.0054907450269653,0.0008478154824041594
2025-11-20,-0.004124398743323,-0.0038199010309241,0.002623933145727,0.0024996465263982,-0.0028451675466588,0.0009259276877418832
2025-11-21,-0.025881071102971,-0.0136471978919325,-0.0017262705177996,0.0116141290551849,-0.0038135744770275,0.0019196778423235638
2025-11-24,0.0023245600596397,0.0137597465414779,-0.0119089876043311,-0.0124630897599706,0.0044697274918267,0.0009943801082147
2025-11-25,0.0101823253244828,0.0059540523592363,-0.0017046490823158,-0.0024011368329471,6.426289965788534e-05,0.0008778232085144697
2025-11-26,1.567180351402797e-05,-0.0037581215552526,-0.0068005793673983,0.0029335751645115,-0.0023733547376367,0.0008101557955644075
2025-11-27,0.0012181850885966,0.0037975926339438,0.0042299439820924,0.0016808404308127,-0.0045040389293769,0.0006038054215031174
2025-11-28,0.0047075206006941,0.0088008786557713,-0.0035655661270289,-0.0068648560699817,0.0032812844892651,0.0008086199452458416
2025-12-01,0.0075512493105758,-0.0035439848386145,-0.0046872594167761,0.0026045478722669,-0.0004957973254221,0.0009917146056307477
2025-12-02,-0.0045663642878788,0.0019969131058767,0.0060990072705546,0.0036110936498267,0.000686710626264,0.0008630603784373811
2025-12-03,-0.0063783477385618,-0.0008239739451507,0.0043023646420752,0.0086906240676267,-0.0041902507493192,0.0008524784562868752
2025-12-04,-0.0002852800035825,-0.0101478812984905,-0.0045381511141993,0.0021277283939351,-0.0053540014477451,0.0007825594863477771
2025-12-05,0.0081752649679642,0.0071506236008076,-0.0041444135270645,-0.0042136478170871,0.0007503330538173,0.0009668389755029363
2025-12-08,0.0070733741977113,0.0052598514409241,-0.0109076126473429,-0.007255816415447,-0.0026273238917868,0.0009116884502607602
2025-12-09,-0.0043954897996123,-0.000427098227714,-0.0049613716762202,0.001852854054594,-0.0049205374412509,0.0009402664019446977
2025-12-10,-0.0009792211363695,0.0005309802562858,-0.0045052980721834,-0.0018649051865118,0.0045519379765186,0.0007039259193372207
2025-12-11,-0.0087860388072155,-0.0089059053160293,0.0022982070985289,0.006278383700504,-0.0066103323053403,0.0010218813697947372
2025-12-12,0.0047597073869334,-0.0030184134182967,-0.0114312382203186,0.0035291845866172,-0.0027625574683151,0.0011305587069200885
2025-12-15,-0.0052312242739797,0.0051941322796177,0.0119037428050589,0.0018056619016046,0.0047268707314424,0.0011574538411399402
2025-12-16,-0.0118769046607575,-0.0050550064834035,0.0008867378876137,0.0063656807356183,-0.0002238646502917,0.0011636513091649642
2025-12-17,0.0133816341843509,-0.0075641899554053,-0.0060136316465755,0.0022821544527811,-0.0071454941378829,0.0010985437006721557
2025-12-18,-0.0006215968393789,0.0030397797240337,0.0130003761822526,-0.0005927276661911,0.0032181576851814,0.0008836475397820905
2025-12-19,0.0053152797349418,0.010578144115891,0.0008655376977677,-0.0032438840695939,0.0083466183795007,0.0008911430106334168
2025-12-22,0.0078423726856775,-0.0013165204528063,-0.0086673797018594,-6.83038546260839e-05,-0.0040926854903732,0.0010034902011256325
2025-12-23,0.0007177952326096,-0.0050177884449659,0.0027067459666292,0.0055248374699102,-0.0081033372638973,0.0008296301763584795
2025-12-24,0.0065111012383856,0.0068492023062507,-0.0064649908967799,-0.0080729386695228,0.0023456049641468,0.0009126971038265579
2025-12-25,0.0047346339212996,0.0075514574543457,-0.0033425594938458,-0.0019454872510238,0.0008909533218814,0.0008600647737103859
2025-12-26,0.001883216581787,-0.0034862592376233,0.0018913306696854,-0.0050078502372064,0.0064164895444392,0.0008243768873737738
2025-12-29,-0.0004194130621173,-0.0007972798485489,0.002021723424023,-0.0042361719376381,-0.0009952105985585,0.0009255767542237173
2025-12-30,0.0009920555861977,-0.0043252900630708,-0.0038075734986303,0.0027364166535992,-0.0015047805094896,0.000794518609530508
2025-12-31,-0.0001879196023113,5.886347811534517e-05,0.0029877417303025,-0.0044134298811986,0.0050427883956307,0.0008505758743066158
2026-01-05,0.0149429279680777,-0.0008097461048855,-0.0153054083035344,-0.0094400463956956,-0.0015307651348722,0.0014456477710337113
2026-01-06,0.0139099297261857,-0.0036631828550463,0.0012844783749172,-0.0051492365410323,0.0036932129366138,0.0012965387346150355
2026-01-07,-0.0004934901786335,0.004203485853106,-0.0067981072660971,-0.003975322061115,-0.0017405674203707,0.001213854930319525
2026-01-08,-0.0005533865358463,0.0119707185157214,-0.004027579025051,-0.0140130116999159,0.0109297495087306,0.001035159260691962
2026-01-09,0.009673395525497,0.0023934364184039,-0.0087923852393825,-0.0102608453208024,0.0056199059452077,0.001202474603157055
2026-01-12,0.0131534275477287,0.0068783426912289,-0.0148770791762468,-0.0229111954682187,0.0144576446224875,0.001585863585733453
2026-01-13,-0.0077959641784942,-0.0051481845536163,0.0159045557375487,0.0142404049176063,-0.0059865551411091,0.0014776864234616084
2026-01-14,-0.0004737584610371,0.0089938703777539,-0.0132951613298764,-0.006406500233448,0.0039316104273807,0.0011595757841629758
2026-01-15,-0.0028185607554626,-0.0044930180483602,0.0022140992036976,0.0152985881708827,-0.0110670528090308,0.0012375007066860117
2026-01-16,-0.0028110436627869,0.0045302347952679,-0.0093848959726335,0.0066436848849523,-0.0126160594608335,0.0013141056465540899
2026-01-19,0.0030284398437527,0.0096685102905908,0.007927713486714,0.0038926317635102,0.0016813683859013,0.0012762716129327044
2026-01-20,-0.0025869436753694,-0.004688179603397,0.0185045243672557,0.009814547038576,-0.0009043665448016,0.0011948652525532275
2026-01-21,0.0024607542603376,0.0069647306689708,-0.0099989628151364,-0.0008053182780923,-0.0024225177658103,0.0010491406782156606
2026-01-22,0.0030556151938332,0.0056897901563878,-0.001517232690808,-0.0085065130243123,0.0070754092257598,0.0010616682182785617
2026-01-23,0.0049809401736506,0.0094081878308405,-0.006478562001528,-0.0165636188478919,0.0108913896156336,0.0013576988333195916
2026-01-26,-0.0023142187497426,-0.0113614004647585,0.0173885038123623,0.0138038986280226,-0.0062386140912633,0.0015567803316091585
2026-01-27,0.000652953887209,-0.0007358051272459,-0.0105047996657252,-0.0042636125958807,-0.0050863649209995,0.0012447053752814709
2026-01-28,0.0030185718693229,-0.0117481103633356,0.0051864013006581,0.0072563818021922,-0.0032871657572178,0.0013427442402661588
2026-01-29,0.000508394424481,-0.012231724781444,0.0093388037394504,0.0069672341163694,0.00464016568092,0.0015409418039697908
2026-01-30,-0.0090926659113285,0.0116010786133673,-0.0014261259774791,0.0036118500611821,-0.0088790962088721,0.0013966117803728597
2026-02-02,-0.0247877519286667,0.0044837799748525,0.0029745982748947,0.0034211171285899,-0.0037066848480091,0.002294067579105973
2026-02-03,0.0146924712669549,0.0093858832204744,-0.0146286726836549,-0.0089804154809152,0.003843596284301,0.001661542440210375
2026-02-04,0.007547145808489,-0.0045953079172655,0.0142194753664277,0.004907553606479,0.0036878241213994,0.0011950850997124506
2026-02-05,-0.0080753556623163,-0.0001219179981281,0.0046422502046042,0.0027272501923983,0.0012500187773038,0.0013096608777210515
2026-02-06,-0.0014727766652302,0.0056341714601324,0.0058471058393914,0.00021958903685,0.0006104717103179,0.0009324731025665706
2026-02-09,0.0150059889076963,0.0029945406109495,-0.0082317191264597,-0.0107149715916607,0.0010632861895109,0.0011507827989114218
2026-02-10,0.0012328609217071,-0.0028403578233603,-0.0019560534623015,-0.0006725483242206,0.0007700829392067,0.0008284599930255935
2026-02-11,-0.0001198397975757,-0.0031052041515824,0.0079586543703316,0.0048807175832658,-0.0025494965953495,0.0008725749540361472
2026-02-12,0.0016215242503929,-0.0036180742315517,-0.0108661660747034,0.000558495399845,-0.0050269768711145,0.0010468605295821255
2026-02-13,-0.0121902121692929,0.0065546520180423,-0.0073431702433567,-0.0077215643990956,0.0020710396808129,0.001218359805595043
2026-02-24,0.0109270392539031,0.0039598623657477,0.0085389758541212,0.0067336286608923,-0.0025506325127594,0.0015036011200828766
2026-02-25,0.0075937687385991,0.0021653274438397,-0.0004395678963515,-0.0078531113044493,0.0028017988376379,0.0011417559794530477
2026-02-26,1.89907601588768e-05,0.0058723395782988,-0.0079963952209916,0.0021029027382445,-0.0063187329491342,0.001025427582895593
2026-02-27,0.0031563875915006,0.0033661552234164,0.004633483184893,-0.0062256612296777,0.0079799019597832,0.001089258406260638
2026-03-02,0.0024846441852446,-0.0191984732671222,0.0091717252409859,0.015956779051898,-0.0104430629539757,0.0014461146803798203
2026-03-03,-0.0168788751195665,-0.0169715026445433,0.0295807684358711,0.026926993241361,-0.0101745111780074,0.0023634102231105767
2026-03-04,-0.0085150159970759,0.0060087044325469,-0.0055260792663004,-0.0039123581418692,0.0013597971935361,0.001086893718807274
2026-03-05,0.0072730662901323,0.0064774300701711,-0.0067038422124379,-0.0070862026884807,-0.0002385234973476,0.0009365001843671229
2026-03-06,0.0049325390046381,0.0113404683725119,0.0031179333131451,-0.004339967388292,0.0029532787522718,0.0011213358352077257
2026-03-09,-0.0049830274635978,-0.0039981708650862,0.0029502705540619,-0.0009035700852692,0.0035685271398834,0.0013013378531752224
2026-03-10,0.0088157912080431,0.0129948221254595,-0.0179793932066197,-0.0065673631952463,-0.0055168421576411,0.001331774403252317
2026-03-11,0.0043985465689941,-0.0061271918012917,0.0090270592601244,0.0075406060588972,-0.0038056609217747,0.0010627257400300954
2026-03-12,-0.0023228688486595,-0.0083290135702079,0.0129328491134119,0.0038320558607127,-0.0002695016095266,0.0011357861983615396
2026-03-13,-0.0076863819901487,-0.0010111171337505,0.0079368124713715,0.0071583635342175,-0.0009529649440287,0.0012369411990389488
2026-03-16,-0.0009483311433964,0.0043197025052533,-0.0107966408913749,-0.0051699848959853,-0.0009987963984788,0.0011595789919011954
2026-03-17,-0.0111430386638419,-0.0111470570837956,0.0129657983614951,0.0089613139180937,-0.001155951033802,0.0013624362464756076
2026-03-18,0.0048121328490451,0.0091853408648903,-0.0137229222639669,-0.005795593487775,-0.0020029062522103,0.0010103546457602942
2026-03-19,-0.0141955356236399,-0.0107240454487011,0.0071852450863359,0.0077825123719455,-0.0022634790855583,0.001616084584425869
2026-03-20,-0.0116652823008455,-0.0124763697308911,0.0030096643978148,0.0119886512918133,-0.0068168383664768,0.001388934487420033
2026-03-23,-0.0363325956521499,-0.0152526623894104,0.0050964656228438,0.0096402439728053,-0.0051305409202184,0.0026556418366944024
2026-03-24,0.0180567680125121,0.0209783964433709,0.0016422790360415,-0.0113732485937838,0.0062757701986766,0.0015247538064166364
2026-03-25,0.0136478404414253,0.0075379661071396,-0.004623844782653,-0.0035860515226615,-0.0012951734910017,0.0012955758889582735
2026-03-26,-0.0111302731557964,-0.0025589288739141,0.0104851413607147,0.0054202338282553,0.0002851253952624,0.0011532629342284036
2026-03-27,0.0080333048066445,0.0078329043525534,-0.0039256397459752,-0.0086381062492769,0.0052671956344022,0.0011013080221027064
2026-03-30,0.0015488268980785,0.0031764025111008,0.0017853670298986,-0.0018091520590019,0.0004722024479444,0.0010889045582659163
2026-03-31,-0.0103748136578772,-0.0051451536417945,0.0051727008369896,0.0055355362052224,-0.0017129967167789,0.0013274836284599485
